-- MySQL dump 10.13  Distrib 8.3.0, for Linux (x86_64)
--
-- Host: localhost    Database: quizzard
-- ------------------------------------------------------
-- Server version	8.3.0

/*!40101 SET @OLD_CHARACTER_SET_CLIENT=@@CHARACTER_SET_CLIENT */;
/*!40101 SET @OLD_CHARACTER_SET_RESULTS=@@CHARACTER_SET_RESULTS */;
/*!40101 SET @OLD_COLLATION_CONNECTION=@@COLLATION_CONNECTION */;
/*!50503 SET NAMES utf8mb4 */;
/*!40103 SET @OLD_TIME_ZONE=@@TIME_ZONE */;
/*!40103 SET TIME_ZONE='+00:00' */;
/*!40014 SET @OLD_UNIQUE_CHECKS=@@UNIQUE_CHECKS, UNIQUE_CHECKS=0 */;
/*!40014 SET @OLD_FOREIGN_KEY_CHECKS=@@FOREIGN_KEY_CHECKS, FOREIGN_KEY_CHECKS=0 */;
/*!40101 SET @OLD_SQL_MODE=@@SQL_MODE, SQL_MODE='NO_AUTO_VALUE_ON_ZERO' */;
/*!40111 SET @OLD_SQL_NOTES=@@SQL_NOTES, SQL_NOTES=0 */;

--
-- Table structure for table `category`
--

DROP TABLE IF EXISTS `category`;
/*!40101 SET @saved_cs_client     = @@character_set_client */;
/*!50503 SET character_set_client = utf8mb4 */;
CREATE TABLE `category` (
  `id` int NOT NULL,
  `name` varchar(255) CHARACTER SET utf8mb4 COLLATE utf8mb4_turkish_ci DEFAULT NULL,
  PRIMARY KEY (`id`)
) ENGINE=MyISAM DEFAULT CHARSET=utf8mb4 COLLATE=utf8mb4_turkish_ci;
/*!40101 SET character_set_client = @saved_cs_client */;

--
-- Dumping data for table `category`
--

LOCK TABLES `category` WRITE;
/*!40000 ALTER TABLE `category` DISABLE KEYS */;
INSERT INTO `category` VALUES (1,'General'),(2,'Common Usage'),(3,'Technical'),(4,'Phrases'),(5,'Colloquial'),(6,'Idioms'),(7,'Slang'),(8,'Trade/Economic'),(9,'Law'),(10,'Politics'),(11,'Institutes'),(12,'Computer'),(13,'Telecom'),(14,'Electric'),(15,'Television'),(16,'Textile'),(17,'Construction'),(18,'Dyeing'),(19,'Automotive'),(20,'Aeronautic'),(21,'Marine'),(22,'Medical'),(23,'Pathology'),(24,'Pharmaceutics'),(25,'Math'),(26,'Statistics'),(27,'Physics'),(28,'Chemistry'),(29,'Biology'),(30,'Linguistics'),(31,'Religious'),(32,'Geology'),(33,'Military'),(34,'Sport'),(35,'Music'),(36,'Abbreviation'),(37,'British Slang'),(38,'Agriculture'),(39,'Informatics'),(40,'Photography'),(42,'Speaking'),(43,'Geography'),(44,'Railway'),(45,'Latin'),(46,'Zoology'),(47,'Tourism'),(48,'Media'),(49,'Advertising'),(50,'Logic'),(51,'Education'),(52,'Tennis'),(53,'Marine Biology'),(54,'Botanic'),(55,'Phrasals'),(56,'Optics'),(57,'Food Engineering'),(58,'History'),(59,'Printery'),(60,'Gastronomy'),(61,'Places'),(62,'Painting'),(63,'Astronomy'),(64,'Ornithology'),(65,'Anatomy'),(66,'Archaic'),(67,'Meteorology'),(68,'Architecture'),(69,'Mining'),(70,'Insurance'),(71,'Psychology'),(72,'Environment'),(73,'Hunting'),(74,'Archaeology'),(75,'Petrol'),(76,'Proverb'),(77,'Forestry'),(78,'Mechanic'),(79,'Traffic'),(80,'Social Sciences'),(81,'Biochemistry'),(82,'Physiology'),(83,'Philosophy'),(84,'Ottoman Turkish'),(85,'Engineering'),(86,'Literature'),(87,'Cinema'),(88,'Lighting'),(89,'Dentistry'),(90,'Printing'),(91,'Art'),(92,'Theatre'),(93,'Veterinary'),(94,'Librarianship'),(95,'Weight Lifting'),(96,'Wagering'),(97,'Card'),(98,'Volleyball'),(99,'Mythology'),(100,'Entomology'),(101,'Tobacco'),(102,'Poetic/Literary'),(103,'Industry'),(104,'Apiculture'),(105,'Geometry'),(106,'Chat Usage'),(107,'Breeding'),(108,'Mental Health'),(109,'Chess'),(110,'Radio'),(111,'Transportation'),(112,'Woodworking'),(113,'Jewellery'),(114,'Metallurgy'),(115,'Reptiles'),(116,'Fishery'),(117,'Football'),(118,'Parasitology'),(119,'Baseball'),(120,'Basketball'),(121,'Furniture'),(122,'Bookbindery'),(123,'Dermatology'),(124,'Formal'),(125,'Boxing'),(126,'Astrology'),(127,'Informal'),(128,'Archeology'),(129,'Aeronautics'),(130,'Genel'),(131,'Sports'),(132,'Electricity'),(133,'Numismatic'),(134,'Chemical'),(136,'Textiles'),(137,'Anthropology'),(138,'Fishing'),(139,'Idiom'),(140,'Fabric');
/*!40000 ALTER TABLE `category` ENABLE KEYS */;
UNLOCK TABLES;

--
-- Table structure for table `favorite_questions`
--

DROP TABLE IF EXISTS `favorite_questions`;
/*!40101 SET @saved_cs_client     = @@character_set_client */;
/*!50503 SET character_set_client = utf8mb4 */;
CREATE TABLE `favorite_questions` (
  `id` int NOT NULL AUTO_INCREMENT,
  `user_id` int NOT NULL,
  `question_id` int NOT NULL,
  `created_at` timestamp NULL DEFAULT CURRENT_TIMESTAMP,
  `updated_at` timestamp NULL DEFAULT CURRENT_TIMESTAMP ON UPDATE CURRENT_TIMESTAMP,
  PRIMARY KEY (`id`),
  UNIQUE KEY `user_id` (`user_id`,`question_id`),
  KEY `question_id` (`question_id`),
  CONSTRAINT `favorite_questions_ibfk_1` FOREIGN KEY (`user_id`) REFERENCES `users` (`id`) ON DELETE CASCADE,
  CONSTRAINT `favorite_questions_ibfk_2` FOREIGN KEY (`question_id`) REFERENCES `questions` (`id`) ON DELETE CASCADE
) ENGINE=InnoDB AUTO_INCREMENT=91 DEFAULT CHARSET=utf8mb4 COLLATE=utf8mb4_0900_ai_ci;
/*!40101 SET character_set_client = @saved_cs_client */;

--
-- Dumping data for table `favorite_questions`
--

LOCK TABLES `favorite_questions` WRITE;
/*!40000 ALTER TABLE `favorite_questions` DISABLE KEYS */;
INSERT INTO `favorite_questions` VALUES (2,3,15,'2024-12-14 19:04:35','2024-12-14 19:04:35'),(3,3,19,'2024-12-14 19:17:57','2024-12-14 19:17:57'),(6,4,15,'2024-12-14 21:35:56','2024-12-14 21:35:56'),(7,4,16,'2024-12-14 21:36:02','2024-12-14 21:36:02'),(8,15,6,'2024-12-15 07:44:49','2024-12-15 07:44:49'),(9,15,8,'2024-12-15 07:45:25','2024-12-15 07:45:25'),(10,17,5,'2024-12-15 08:02:33','2024-12-15 08:02:33'),(13,3,20,'2024-12-15 16:28:49','2024-12-15 16:28:49'),(14,3,21,'2024-12-15 16:31:33','2024-12-15 16:31:33'),(16,13,21,'2024-12-15 21:22:10','2024-12-15 21:22:10'),(17,13,23,'2024-12-15 21:22:17','2024-12-15 21:22:17'),(18,13,19,'2024-12-15 21:23:55','2024-12-15 21:23:55'),(22,13,55,'2024-12-15 21:32:45','2024-12-15 21:32:45'),(23,13,57,'2024-12-15 21:32:52','2024-12-15 21:32:52'),(24,13,56,'2024-12-15 21:47:50','2024-12-15 21:47:50'),(25,4,19,'2024-12-15 22:02:22','2024-12-15 22:02:22'),(26,4,20,'2024-12-15 22:02:24','2024-12-15 22:02:24'),(27,20,18,'2024-12-15 22:15:04','2024-12-15 22:15:04'),(28,13,12,'2024-12-16 08:52:54','2024-12-16 08:52:54'),(29,4,12,'2024-12-16 11:33:13','2024-12-16 11:33:13'),(33,12,41,'2024-12-16 12:06:14','2024-12-16 12:06:14'),(34,12,42,'2024-12-16 12:21:40','2024-12-16 12:21:40'),(62,2,12,'2024-12-16 13:58:35','2024-12-16 13:58:35'),(66,3,55,'2024-12-16 16:39:36','2024-12-16 16:39:36'),(68,21,5,'2024-12-16 16:44:02','2024-12-16 16:44:02'),(69,21,6,'2024-12-16 16:44:04','2024-12-16 16:44:04'),(71,21,8,'2024-12-16 16:44:09','2024-12-16 16:44:09'),(72,22,5,'2024-12-16 17:25:18','2024-12-16 17:25:18'),(73,22,6,'2024-12-16 17:25:19','2024-12-16 17:25:19'),(74,22,7,'2024-12-16 17:25:21','2024-12-16 17:25:21'),(77,12,194,'2024-12-16 19:21:23','2024-12-16 19:21:23'),(78,12,195,'2024-12-16 19:21:41','2024-12-16 19:21:41'),(79,4,13,'2024-12-16 20:52:29','2024-12-16 20:52:29'),(80,4,14,'2024-12-16 20:52:31','2024-12-16 20:52:31'),(81,26,8,'2024-12-17 07:23:37','2024-12-17 07:23:37'),(82,26,151,'2024-12-17 07:23:56','2024-12-17 07:23:56'),(83,26,158,'2024-12-17 07:24:04','2024-12-17 07:24:04'),(86,27,134,'2024-12-17 11:50:21','2024-12-17 11:50:21'),(87,29,235,'2024-12-18 13:26:06','2024-12-18 13:26:06'),(88,24,242,'2024-12-19 06:39:05','2024-12-19 06:39:05'),(89,2,180,'2024-12-19 19:24:49','2024-12-19 19:24:49'),(90,2,179,'2024-12-19 19:24:59','2024-12-19 19:24:59');
/*!40000 ALTER TABLE `favorite_questions` ENABLE KEYS */;
UNLOCK TABLES;

--
-- Table structure for table `favorite_quizzes`
--

DROP TABLE IF EXISTS `favorite_quizzes`;
/*!40101 SET @saved_cs_client     = @@character_set_client */;
/*!50503 SET character_set_client = utf8mb4 */;
CREATE TABLE `favorite_quizzes` (
  `id` int NOT NULL AUTO_INCREMENT,
  `user_id` int NOT NULL,
  `quiz_id` int NOT NULL,
  `created_at` timestamp NULL DEFAULT CURRENT_TIMESTAMP,
  `updated_at` timestamp NULL DEFAULT CURRENT_TIMESTAMP ON UPDATE CURRENT_TIMESTAMP,
  PRIMARY KEY (`id`),
  UNIQUE KEY `user_id` (`user_id`,`quiz_id`),
  KEY `quiz_id` (`quiz_id`),
  CONSTRAINT `favorite_quizzes_ibfk_1` FOREIGN KEY (`user_id`) REFERENCES `users` (`id`) ON DELETE CASCADE,
  CONSTRAINT `favorite_quizzes_ibfk_2` FOREIGN KEY (`quiz_id`) REFERENCES `quizzes` (`id`) ON DELETE CASCADE
) ENGINE=InnoDB AUTO_INCREMENT=45 DEFAULT CHARSET=utf8mb4 COLLATE=utf8mb4_0900_ai_ci;
/*!40101 SET character_set_client = @saved_cs_client */;

--
-- Dumping data for table `favorite_quizzes`
--

LOCK TABLES `favorite_quizzes` WRITE;
/*!40000 ALTER TABLE `favorite_quizzes` DISABLE KEYS */;
INSERT INTO `favorite_quizzes` VALUES (2,7,2,'2024-11-29 17:24:04','2024-11-29 17:24:04'),(6,15,2,'2024-12-15 07:44:32','2024-12-15 07:44:32'),(7,15,4,'2024-12-15 07:46:06','2024-12-15 07:46:06'),(11,2,29,'2024-12-15 18:50:39','2024-12-15 18:50:39'),(18,2,4,'2024-12-15 19:01:20','2024-12-15 19:01:20'),(23,13,5,'2024-12-15 20:16:11','2024-12-15 20:16:11'),(27,2,5,'2024-12-15 22:18:51','2024-12-15 22:18:51'),(29,4,2,'2024-12-16 16:30:05','2024-12-16 16:30:05'),(31,1,5,'2024-12-16 16:45:12','2024-12-16 16:45:12'),(33,4,4,'2024-12-16 18:48:05','2024-12-16 18:48:05'),(34,12,68,'2024-12-16 19:20:35','2024-12-16 19:20:35'),(35,4,75,'2024-12-16 21:23:30','2024-12-16 21:23:30'),(37,21,6,'2024-12-18 13:44:45','2024-12-18 13:44:45'),(38,21,2,'2024-12-18 13:44:55','2024-12-18 13:44:55'),(39,21,75,'2024-12-18 13:50:26','2024-12-18 13:50:26'),(42,4,29,'2024-12-19 09:05:54','2024-12-19 09:05:54'),(43,4,22,'2024-12-19 09:05:56','2024-12-19 09:05:56');
/*!40000 ALTER TABLE `favorite_quizzes` ENABLE KEYS */;
UNLOCK TABLES;

--
-- Table structure for table `followings`
--

DROP TABLE IF EXISTS `followings`;
/*!40101 SET @saved_cs_client     = @@character_set_client */;
/*!50503 SET character_set_client = utf8mb4 */;
CREATE TABLE `followings` (
  `id` int NOT NULL AUTO_INCREMENT,
  `follower` int NOT NULL,
  `followed` int NOT NULL,
  `created_at` timestamp NULL DEFAULT CURRENT_TIMESTAMP,
  PRIMARY KEY (`id`),
  UNIQUE KEY `follower` (`follower`,`followed`),
  CONSTRAINT `followings_chk_1` CHECK ((`follower` <> `followed`))
) ENGINE=InnoDB AUTO_INCREMENT=32 DEFAULT CHARSET=utf8mb4 COLLATE=utf8mb4_0900_ai_ci;
/*!40101 SET character_set_client = @saved_cs_client */;

--
-- Dumping data for table `followings`
--

LOCK TABLES `followings` WRITE;
/*!40000 ALTER TABLE `followings` DISABLE KEYS */;
INSERT INTO `followings` VALUES (1,4,2,'2024-12-14 21:26:41'),(11,2,11,'2024-12-15 17:55:30'),(13,2,1,'2024-12-15 19:45:56'),(15,2,4,'2024-12-15 19:46:09'),(17,13,2,'2024-12-15 20:15:55'),(19,4,3,'2024-12-15 21:10:26'),(20,3,2,'2024-12-15 21:10:54'),(21,2,13,'2024-12-15 22:18:47'),(22,12,7,'2024-12-16 17:34:36'),(23,12,24,'2024-12-16 19:20:23'),(24,24,21,'2024-12-17 07:47:18'),(25,26,21,'2024-12-17 07:48:31'),(26,21,26,'2024-12-17 07:54:57'),(27,21,25,'2024-12-17 07:55:08'),(28,29,1,'2024-12-18 13:33:31'),(29,30,2,'2024-12-18 20:02:56');
/*!40000 ALTER TABLE `followings` ENABLE KEYS */;
UNLOCK TABLES;

--
-- Table structure for table `forum_posts`
--

DROP TABLE IF EXISTS `forum_posts`;
/*!40101 SET @saved_cs_client     = @@character_set_client */;
/*!50503 SET character_set_client = utf8mb4 */;
CREATE TABLE `forum_posts` (
  `id` int NOT NULL AUTO_INCREMENT,
  `user_id` int NOT NULL,
  `title` varchar(255) DEFAULT NULL,
  `content` text,
  `upvote` int DEFAULT '0',
  `created_at` timestamp NULL DEFAULT CURRENT_TIMESTAMP,
  `updated_at` timestamp NULL DEFAULT CURRENT_TIMESTAMP ON UPDATE CURRENT_TIMESTAMP,
  PRIMARY KEY (`id`),
  KEY `user_id` (`user_id`),
  CONSTRAINT `forum_posts_ibfk_1` FOREIGN KEY (`user_id`) REFERENCES `users` (`id`) ON DELETE CASCADE
) ENGINE=InnoDB AUTO_INCREMENT=94 DEFAULT CHARSET=utf8mb4 COLLATE=utf8mb4_0900_ai_ci;
/*!40101 SET character_set_client = @saved_cs_client */;

--
-- Dumping data for table `forum_posts`
--

LOCK TABLES `forum_posts` WRITE;
/*!40000 ALTER TABLE `forum_posts` DISABLE KEYS */;
INSERT INTO `forum_posts` VALUES (1,2,'House vs Home','Hi everyone! I’ve been wondering about the difference between the words house and home. When do you typically use one over the other? Are there specific contexts or nuances that make one more appropriate than the other? I’d love to hear your thoughts and examples!',0,'2024-11-25 15:56:11','2024-11-25 15:56:11'),(2,4,'What does \"apple\" mean?','Can somebody tell me what does \"apple\" mean?',0,'2024-11-25 16:34:08','2024-11-25 16:34:08'),(3,1,'What Does \"Angry\" Mean?','Hi everyone! 😊\n\nI’m trying to understand the word \"angry.\" How is it used in English, and how would you translate it into Turkish? I think it means \"kızgın\" or \"öfkeli,\" but I’d like to see examples in both languages to understand it better.\n\nThanks for your help! 🙏',0,'2024-11-25 16:47:42','2024-11-25 16:47:42'),(4,1,'Meaning of \"Furious\"?','Hi, can someone explain \"furious\" and give a Turkish translation with examples?',0,'2024-11-25 16:49:56','2024-11-25 16:49:56'),(5,4,'An apple a day keeps the doctor away.','I was wondering what does \"an apple a day keeps the doctor away\" mean?',0,'2024-11-25 17:00:02','2024-11-25 17:00:02'),(6,11,'Bridge','what does bridge mean?',0,'2024-11-25 18:58:55','2024-11-25 18:58:55'),(8,2,'The usage of “fight” vs. “battle” etc.','Hi everyone! 😊\nI\'m curious about the word \"fight\" and its synonyms. For example, when should I use \"fight\" instead of words like \"battle,\" \"struggle,\" or \"quarrel\"? Are they interchangeable, or do they have specific contexts? I also wonder if \"fight\" always means something physical or if it can describe emotional or verbal conflicts too.\n\nCould you share examples of how these words are used in daily conversations or in writing? Thank you! 🙏',0,'2024-11-26 11:11:51','2024-11-26 11:11:51'),(9,12,'Help me use “magic” in a sentence','Hi everyone! 😊\nI’m learning about the word \"magic\" and its uses. I made a sentence, but I’m not sure if it sounds correct:\n\n\"The sunset was so beautiful, it looked like magic was flying in the air.\"\n\nDoes this use of \"magic\" make sense, or is there a better way to describe the feeling? Can \"magic\" be used this way, or does it sound strange? I’d love your feedback and examples! Thank you! 🙏',0,'2024-11-26 11:20:39','2024-11-26 11:20:39'),(10,2,'How to use “beautiful” ?','Hi all!! \n\nI’m learning how to use the word \"beautiful\" in different contexts. I made this sentence:\n\n\"The mountain view was so beautiful that it made me cry.\"\n\nDoes this sound natural, or could there be a better way to express the feeling? Also, can \"beautiful\" only describe things like nature or people, or can it describe abstract things like a \"beautiful idea\"? I’d love to hear your thoughts and examples. Thank you! 🙏',0,'2024-11-26 11:45:22','2024-11-26 11:45:22'),(11,7,'How Do I Use \"Ineffable\" Correctly?','I\'ve recently come across the word ineffable and understand it means something too great or extreme to be expressed in words. Could someone provide examples of how this word might be used in sentences? Also, how does it compare to words like indescribable or unspeakable?',0,'2024-11-26 12:13:22','2024-11-26 12:13:22'),(12,7,'Obfuscate vs. Confuse—What\'s the Difference?','I understand obfuscate means to make something unclear or difficult to understand, but how does it differ from simply saying \"confuse\"? Can someone share examples to clarify its usage?',0,'2024-11-26 12:14:00','2024-11-26 12:14:00'),(13,7,'How Does \"Ephemeral\" Compare to \"Temporary\"?','I’ve seen ephemeral used to describe things that are short-lived, but is it just a fancy way of saying \"temporary\"? Are there situations where one is more appropriate than the other? Examples would help!',0,'2024-11-26 12:14:35','2024-11-26 12:14:35'),(14,7,'\"Ineffable\" in Everyday Conversations','I’ve noticed that ineffable is often used in poetic or formal contexts, but can it also be applied in everyday conversations? For instance, could I use it to describe a delicious meal or a fun day with friends? I’d love examples or opinions on when it feels appropriate to use this word casually.',0,'2024-11-26 12:24:23','2024-11-26 12:24:23'),(15,3,'Ambition and Hope','Can someone explain the difference between \'ambition\' and \'hope\'? They both seem to involve wanting something in the future.',0,'2024-11-26 12:42:43','2024-11-26 12:42:43'),(16,3,'Journey, Trip, Voyage','I’m confused about the word \'journey.\' How is it different from \'trip\' or \'voyage\'?',0,'2024-11-26 12:43:55','2024-11-26 12:43:55'),(17,3,'About Serene','\"What’s the exact meaning of \'serene\'? Does it only describe people, or can it describe places too?\"',0,'2024-11-26 12:44:21','2024-11-26 12:44:21'),(31,3,'Elephant and Tiger','Are the Turkish translations for Elephant(Fil) and Tiger(Kaplan) accurate? Anyone confirm or suggest alternatives?',0,'2024-12-16 19:01:53','2024-12-16 19:01:53'),(68,24,'What are the different uses of the word \"shield\"?','Hi everyone,\n\nI recently came across the word \"shield,\" and I noticed it can be used in different contexts. Could someone explain the various ways this word is used? For example, I\'ve seen it used both as a noun and a verb.',0,'2024-12-16 19:07:40','2024-12-16 19:07:40'),(76,3,'Baharat - Spice','For \'spice\', does the Turkish translation \'baharat\' align with regional variations? Is there a better term?',0,'2024-12-16 19:16:22','2024-12-16 19:16:22'),(77,3,'Recipe uses','Is the word \'recipe\' only used in food context? I feel like I heard the phrase \"This is a recipe for disaster\" in a movie. What does that mean?\nSorry for bad english.',0,'2024-12-16 19:20:26','2024-12-16 19:20:26'),(78,3,'Oven Confuses Me','Man, I confuse \'Oven\' with refrigerator all the time. When I think about the word \'Oven\', always the image of a refrigerator(buz dolabi) comes to my mind. Does that happen to you guys also? Am I a silly goose?',0,'2024-12-16 19:22:50','2024-12-16 19:22:50'),(79,3,'Red is color?','I thought we said red when we are saying like:\n\"Hey, I red a book today.\"\nIs it also a color? I\'m confused',0,'2024-12-16 19:27:24','2024-12-16 19:27:24'),(80,3,'Is dog a bad word?','This might be a sensitive question. Calling someone \"kopek\" in Turkish is bad. Is it the same way \"dog\" in English?\nThank you for your understanding.',0,'2024-12-16 19:30:44','2024-12-16 19:30:44'),(81,3,'\"At\" meaning in turkish','I thought \"At\" meant \"thow\". This other question says it means \"horse\". Does it have two meanings? Can you tell me if it has any more meanings?',0,'2024-12-16 19:33:36','2024-12-16 19:33:36'),(82,1,'What Does \"Acceleration\" Mean to You?','What does the word “acceleration” remind you of? How would you explain it in your own words?',0,'2024-12-16 23:01:29','2024-12-16 23:01:29'),(83,1,'How Do You Use the Word \"Accelerator\"?','When you hear the word “accelerator”, what comes to mind first? Can you think of a situation where you’ve seen or used this word?',0,'2024-12-16 23:01:50','2024-12-16 23:01:50'),(84,24,'What is the exact meaning of \"apartment\"?','I’ve come across the word \"apartment\" a lot, and I know it refers to a place where people live, but I’m curious about its specific usage.\n\nIs there a difference between \"apartment\" and \"flat\"?\n\nThanks!\n',0,'2024-12-17 06:43:13','2024-12-17 06:43:13'),(85,24,'Can \"subway\" have different meanings?','I noticed that the word \"subway\" might have more than one meaning depending on the region. For instance:\nIn the United States, it refers to an underground train system.\n\nExample: \"The New York subway is one of the largest in the world.\"\nIn the UK, I’ve heard it can also mean an underground pedestrian tunnel.\n\nExample: \"We walked through the subway to cross the busy road.\"\n\nDoes anyone know any other regional differences or unusual uses of this word? Are there specific phrases or sentences where \"subway\" is commonly used?\n\n',0,'2024-12-17 06:45:57','2024-12-17 06:45:57'),(86,24,'Another word instead of library','Hi. I want to know if there is another word I can use instead of Library. Do you know any?',0,'2024-12-17 06:48:12','2024-12-17 06:48:12'),(87,24,'Difference between educational Places','School vs High School vs Elementary School vs College vs University\n\nYou guys know the difference between them? I know sth but I am not sure about it.',0,'2024-12-17 06:51:03','2024-12-17 06:51:03'),(88,24,'Masjid vs Mosque','Although I don\'t know the technical differences between these two words, I think it\'s like this: A mosque has a pulpit, but a masjid doesn\'t. And of course, a mosque is usually much bigger than a masjid. Am I right?',0,'2024-12-17 06:53:38','2024-12-17 06:53:38'),(89,24,'How is the word \"park\" used in different contexts?','Hi everyone!\n\nThe word \"park\" seems simple at first, but I’ve noticed it can be used in several different ways. For example:\n\nAs a noun: A public place for relaxation or activities.\nExample: \"We had a picnic in the park yesterday.\"\n\nAs a verb: To leave a vehicle in a particular spot.\nExample: \"You can park your car near the entrance.\"\n\nAre there other meanings or phrases where \"park\" is used? \n\nThanks!',0,'2024-12-17 06:56:50','2024-12-17 06:56:50'),(90,24,'Common types of structures','I’ve been learning words related to structures and I realized there are so many different types, like:\n\nBridge – \"The bridge connects the two sides of the river.\"\nSkyscraper – \"The skyscraper is the tallest building in the city.\"\nTunnel – \"The train went through a long tunnel.\"\n\n\nAre there other common structure-related words that I should know? With examples.\n\nI am waiting your answers.',0,'2024-12-17 06:59:43','2024-12-17 06:59:43'),(91,24,'What are some ways we can describe connections between two places?','Hello guys!\n\nI’ve been thinking about different ways we describe connections between two locations, and there are so many ways to do it. Here are a few examples:\n\nLink: \"The road links the two towns.\"\nPathway: \"The pathway leads from the park to the museum.\"\nRoute: \"This route connects the airport to the city center.\"\n\nHow else do you describe the idea of connecting places? Are there any other words or phrases that work in different contexts?\n\nLooking forward to your responses!',0,'2024-12-17 07:10:46','2024-12-17 07:10:46'),(92,21,'Bridge example','Hello Students. I hope you enjoyed our quiz. \n\nNow, please give me an example sentence of the word \"bridge\".',0,'2024-12-17 07:43:24','2024-12-17 07:43:24'),(93,24,'Bridge exampe','The bridge was built to connect the two sides of the river, making travel much easier for the villagers.\n\nI wrote this sentence. Can anyone confirm it?',0,'2024-12-17 07:48:04','2024-12-17 07:48:04');
/*!40000 ALTER TABLE `forum_posts` ENABLE KEYS */;
UNLOCK TABLES;

--
-- Table structure for table `forum_replies`
--

DROP TABLE IF EXISTS `forum_replies`;
/*!40101 SET @saved_cs_client     = @@character_set_client */;
/*!50503 SET character_set_client = utf8mb4 */;
CREATE TABLE `forum_replies` (
  `id` int NOT NULL AUTO_INCREMENT,
  `post_id` int NOT NULL,
  `user_id` int NOT NULL,
  `content` text NOT NULL,
  `created_at` timestamp NULL DEFAULT CURRENT_TIMESTAMP,
  `updated_at` timestamp NULL DEFAULT CURRENT_TIMESTAMP ON UPDATE CURRENT_TIMESTAMP,
  PRIMARY KEY (`id`),
  KEY `post_id` (`post_id`),
  KEY `user_id` (`user_id`),
  CONSTRAINT `forum_replies_ibfk_1` FOREIGN KEY (`post_id`) REFERENCES `forum_posts` (`id`) ON DELETE CASCADE,
  CONSTRAINT `forum_replies_ibfk_2` FOREIGN KEY (`user_id`) REFERENCES `users` (`id`) ON DELETE CASCADE
) ENGINE=InnoDB AUTO_INCREMENT=43 DEFAULT CHARSET=utf8mb4 COLLATE=utf8mb4_0900_ai_ci;
/*!40101 SET character_set_client = @saved_cs_client */;

--
-- Dumping data for table `forum_replies`
--

LOCK TABLES `forum_replies` WRITE;
/*!40000 ALTER TABLE `forum_replies` DISABLE KEYS */;
INSERT INTO `forum_replies` VALUES (1,1,3,'I feel like the difference is that you can have multiple houses (as in buildings) but one home. Home is where you feel you belong to.','2024-11-25 16:08:59','2024-11-25 16:08:59'),(2,1,2,'That makes sense to me. Thank you for your answer @arinc !','2024-11-25 16:41:06','2024-11-25 16:41:06'),(3,2,2,'Himm do you mean the fruit or the brand? 😆','2024-11-25 16:42:41','2024-11-25 16:42:41'),(4,5,4,'It mean apples are health for you and if you consume apples regularly you won\'t have to see a doctor.','2024-11-25 17:19:31','2024-11-25 17:19:31'),(5,5,4,'It doesn\'t have a profound meaning as you might have expected. It just means apples are good for you.','2024-11-25 17:20:00','2024-11-25 17:20:00'),(6,5,4,'Thank you guys. I won\'t be skipping my apples then. :)','2024-11-25 17:20:21','2024-11-25 17:20:21'),(8,6,11,'köprü','2024-11-25 18:59:41','2024-11-25 18:59:41'),(9,11,7,'Ineffable is often used in poetic or philosophical contexts. For example:\n\n\"The beauty of the sunrise over the mountains was ineffable, leaving me in silent awe.\"\nIt carries a sense of deep emotional or spiritual significance that goes beyond mere description.','2024-11-26 12:15:00','2024-11-26 12:15:00'),(10,11,7,'While ineffable and indescribable are similar, ineffable is more often tied to awe-inspiring or sacred experiences. Unspeakable, on the other hand, usually implies something too horrific or terrible to be spoken about. For instance:\n\n\"Her grief was ineffable, felt in every corner of her being.\"\n\"The atrocities committed during the war were unspeakable.\"','2024-11-26 12:15:12','2024-11-26 12:15:12'),(11,11,7,'You can also use ineffable to describe abstract concepts like joy or beauty that feel almost otherworldly. It’s less about the lack of words and more about the grandeur or intensity of the experience.','2024-11-26 12:15:27','2024-11-26 12:15:27'),(12,12,7,'Obfuscate implies intentionality—it’s about deliberately making something confusing or unclear. For example:\n\n\"The politician’s speech seemed designed to obfuscate the real issues.\"\nIn contrast, confuse doesn’t necessarily involve intent.\nReply 2:','2024-11-26 12:15:50','2024-11-26 12:15:50'),(13,12,7,'To illustrate further:\n\nConfuse: \"The complex math problem confused the students.\"\nObfuscate: \"The lawyer used technical jargon to obfuscate the details of the case.\"\nObfuscation often has a sense of deliberate concealment or complexity.','2024-11-26 12:16:20','2024-11-26 12:16:20'),(14,12,7,'You might also encounter obfuscate in technical contexts, like programming, where code is intentionally written in a way that\'s hard to understand, often for security purposes.','2024-11-26 12:16:30','2024-11-26 12:16:30'),(15,13,7,'Ephemeral often describes things that are not just temporary but fleeting, beautiful, or delicate in their impermanence. For example:\n\n\"The cherry blossoms are an ephemeral wonder of spring.\"\nTemporary, on the other hand, is more neutral and practical.','2024-11-26 12:16:42','2024-11-26 12:16:42'),(16,13,7,'Here’s a comparison:\n\nTemporary: \"The office will use temporary staff during the holiday season.\"\nEphemeral: \"The happiness she felt was ephemeral, vanishing as quickly as it came.\"\nNotice how ephemeral has a poetic or poignant tone.','2024-11-26 12:16:49','2024-11-26 12:16:49'),(17,13,7,'You might also use ephemeral in discussions about nature, art, or emotions, emphasizing their fleeting quality. It adds a sense of transience that temporary lacks.','2024-11-26 12:17:05','2024-11-26 12:17:05'),(18,14,7,'You can use ineffable in casual conversations, but it might sound overly formal or dramatic depending on the context. For example, instead of saying, \"The meal was ineffable,\" you could say, \"The meal was so good, it left me speechless.\" However, if you’re talking about a life-changing experience, ineffable might feel more fitting.','2024-11-26 12:24:31','2024-11-26 12:24:31'),(19,14,7,'It’s true that ineffable leans towards poetic usage, but there’s no hard rule against using it casually. For example:\n\n\"The view from the top of the mountain was ineffable.\"\nIt works best when describing something profound or deeply emotional, even in everyday speech.','2024-11-26 12:24:38','2024-11-26 12:24:38'),(20,14,7,'I’d suggest using ineffable sparingly in casual conversations to avoid sounding too formal. That said, if you’re trying to express that something is beyond words, go for it! For example, \"The joy I felt when we reunited after years was ineffable\" could work in a heartfelt chat with a friend.','2024-11-26 12:24:45','2024-11-26 12:24:45'),(21,15,14,'While both words involve future aspirations, they differ in intensity and focus:\n    Ambition refers to a strong desire or determination to achieve a specific goal, often tied to success, power, or progress. It usually implies active effort and persistence. For example, \"Her ambition is to become a CEO.\"\n    Hope is a more general and emotional feeling of expectation or desire for something good to happen, often without a concrete plan or action. For instance, \"I hope it doesn’t rain tomorrow.\"','2024-11-26 12:46:36','2024-11-26 12:46:36'),(22,16,14,'These words all relate to travel, but they have distinct nuances:\n\n    Journey typically emphasizes the process of traveling, especially over a long distance or through a significant experience. It can also be metaphorical, e.g., \"a journey of self-discovery.\"\n    Trip refers to a shorter, often simpler act of traveling to a specific destination and returning, like a vacation or business trip. For example, \"We went on a trip to the beach.\"\n    Voyage usually involves traveling by sea or space, emphasizing the mode of transportation and the adventure aspect, e.g., \"The voyage across the Atlantic was challenging.\"','2024-11-26 12:47:09','2024-11-26 12:47:09'),(23,17,14,'    Serene means calm, peaceful, and untroubled. It can describe both people and places:\n        People: A person described as serene has an inner sense of peace and tranquility, e.g., \"Despite the chaos around her, she remained serene.\"\n        Places: A serene place feels peaceful, quiet, and undisturbed, e.g., \"The lake at sunrise was serene, with no noise or activity.\"\n\nThe word is versatile and often evokes an image of stillness or a lack of disturbance, whether it’s a mood, setting, or even a scene in nature.','2024-11-26 12:47:27','2024-11-26 12:47:27'),(24,16,1,'buvfyi','2024-12-14 21:26:11','2024-12-14 21:26:11'),(27,6,2,'I agree with above comments.','2024-12-16 16:11:55','2024-12-16 16:11:55'),(36,31,24,'Hello arinc, these translations are absolutely correct. You can use them. The only suggestion  I can give you is that do not confuse the \'bishop\' with \'elephant\'. The piece originated from the animal \'elephant\' but the name is \'bishop\'','2024-12-16 19:12:22','2024-12-16 19:12:22'),(37,68,3,'\"I will shield you with my life.\"\nHere, it means protecting. It\'s a verb here.','2024-12-16 19:13:32','2024-12-16 19:13:32'),(38,6,24,'While I agree with the Turkish interpretation here, other meanings of bridge are as follows:\nConnection (Metaphorical use): Establishing a connection between people, ideas, or systems.\nExample: Education acts as a bridge between poverty and opportunity.\n\nIn music (Noun): A different section or section of a song.\nExample: The bridge in the song creates a nice contrast before the final chorus.\n\nBridge (Verb): To fill a gap or to connect two things.\nExample: Technology bridges the gap between distant communities.','2024-12-17 06:40:48','2024-12-17 06:40:48'),(39,92,26,'Bosphorus is a beautiful bridge that connects Asia and Europe.','2024-12-17 07:52:21','2024-12-17 07:52:21'),(40,92,25,'Do you ask the bridge game?','2024-12-17 07:54:08','2024-12-17 07:54:08'),(41,4,29,'Extremely angry 😠 ','2024-12-18 13:34:38','2024-12-18 13:34:38'),(42,12,20,'This is my reply to the post.','2024-12-20 14:47:32','2024-12-20 14:47:32');
/*!40000 ALTER TABLE `forum_replies` ENABLE KEYS */;
UNLOCK TABLES;

--
-- Table structure for table `post_tags`
--

DROP TABLE IF EXISTS `post_tags`;
/*!40101 SET @saved_cs_client     = @@character_set_client */;
/*!50503 SET character_set_client = utf8mb4 */;
CREATE TABLE `post_tags` (
  `id` int NOT NULL AUTO_INCREMENT,
  `post_id` int NOT NULL,
  `english_id` int DEFAULT NULL,
  PRIMARY KEY (`id`),
  KEY `post_id` (`post_id`),
  KEY `english_id` (`english_id`),
  CONSTRAINT `post_tags_ibfk_1` FOREIGN KEY (`post_id`) REFERENCES `forum_posts` (`id`) ON DELETE CASCADE,
  CONSTRAINT `post_tags_ibfk_2` FOREIGN KEY (`english_id`) REFERENCES `english` (`id`) ON DELETE CASCADE
) ENGINE=InnoDB AUTO_INCREMENT=71 DEFAULT CHARSET=utf8mb4 COLLATE=utf8mb4_0900_ai_ci;
/*!40101 SET character_set_client = @saved_cs_client */;

--
-- Dumping data for table `post_tags`
--

LOCK TABLES `post_tags` WRITE;
/*!40000 ALTER TABLE `post_tags` DISABLE KEYS */;
INSERT INTO `post_tags` VALUES (1,1,86989),(2,1,86014),(3,2,12355),(4,3,9607),(5,4,73149),(6,5,12355),(7,6,25852),(9,8,68568),(10,8,19825),(11,9,106163),(12,10,20133),(13,11,91168),(14,12,122013),(15,13,62687),(16,14,91168),(17,15,7511),(18,15,86535),(19,16,96795),(20,16,183964),(21,16,194505),(22,17,157787),(23,31,60044),(24,31,178393),(26,68,13805),(27,68,159015),(28,76,165223),(29,77,144739),(30,78,125612),(31,78,146540),(32,79,145420),(33,79,24376),(34,80,55418),(35,80,18160),(36,80,171470),(37,80,46423),(38,81,86715),(39,81,15554),(40,82,1189),(41,83,1188),(42,84,11634),(43,84,69554),(44,85,110294),(45,85,169833),(46,86,102642),(47,86,24376),(48,86,101497),(49,86,101506),(50,87,154823),(51,87,189885),(52,87,39448),(53,87,60026),(54,88,107944),(55,88,114124),(56,88,137073),(57,89,128397),(58,89,128404),(59,89,30203),(60,90,25852),(61,90,161838),(62,90,185707),(63,90,168815),(64,90,41862),(65,91,41482),(66,91,103465),(67,91,129013),(68,91,151764),(69,92,25852),(70,93,25852);
/*!40000 ALTER TABLE `post_tags` ENABLE KEYS */;
UNLOCK TABLES;

--
-- Table structure for table `question_answers`
--

DROP TABLE IF EXISTS `question_answers`;
/*!40101 SET @saved_cs_client     = @@character_set_client */;
/*!50503 SET character_set_client = utf8mb4 */;
CREATE TABLE `question_answers` (
  `id` int NOT NULL AUTO_INCREMENT,
  `quiz_attempt_id` int NOT NULL,
  `question_id` int NOT NULL,
  `answer` varchar(255) DEFAULT NULL,
  `correct` tinyint(1) DEFAULT NULL,
  `answered_at` timestamp NULL DEFAULT CURRENT_TIMESTAMP,
  PRIMARY KEY (`id`),
  UNIQUE KEY `quiz_attempt_id` (`quiz_attempt_id`,`question_id`),
  KEY `question_id` (`question_id`),
  CONSTRAINT `question_answers_ibfk_1` FOREIGN KEY (`quiz_attempt_id`) REFERENCES `quiz_attempts` (`id`) ON DELETE CASCADE,
  CONSTRAINT `question_answers_ibfk_2` FOREIGN KEY (`question_id`) REFERENCES `questions` (`id`) ON DELETE CASCADE
) ENGINE=InnoDB AUTO_INCREMENT=575 DEFAULT CHARSET=utf8mb4 COLLATE=utf8mb4_0900_ai_ci;
/*!40101 SET character_set_client = @saved_cs_client */;

--
-- Dumping data for table `question_answers`
--

LOCK TABLES `question_answers` WRITE;
/*!40000 ALTER TABLE `question_answers` DISABLE KEYS */;
INSERT INTO `question_answers` VALUES (79,24,5,'yol',0,'2024-11-25 17:46:48'),(80,24,6,'way',0,'2024-11-25 17:46:56'),(81,24,7,'nasılsın',0,'2024-11-25 17:46:58'),(82,24,8,'inflation',0,'2024-11-25 17:47:04'),(83,25,5,'yol',0,'2024-11-25 17:48:46'),(84,25,6,'car',0,'2024-11-25 17:48:50'),(85,25,7,'iyiyim',0,'2024-11-25 17:48:54'),(86,25,8,'inflation',0,'2024-11-25 17:48:57'),(88,26,5,'köprü',1,'2024-11-25 17:49:54'),(89,26,6,'mosque',1,'2024-11-25 17:49:58'),(90,26,7,'merhaba',1,'2024-11-25 17:50:04'),(91,26,8,'expensive',1,'2024-11-25 17:50:09'),(96,31,5,'yol',0,'2024-11-25 17:53:40'),(108,32,5,'köprü',1,'2024-11-25 18:08:34'),(109,35,5,'köprü',1,'2024-11-25 18:17:52'),(110,35,6,'mosque',1,'2024-11-25 18:18:01'),(111,35,7,'iyiyim',0,'2024-11-25 18:18:08'),(112,35,8,'expensive',1,'2024-11-25 18:18:15'),(118,36,5,'köprü',1,'2024-11-25 18:29:38'),(119,36,6,'mosque',1,'2024-11-25 18:29:43'),(120,36,7,'merhaba',1,'2024-11-25 18:29:47'),(121,36,8,'expensive',1,'2024-11-25 18:29:51'),(122,43,5,'köprü',1,'2024-11-25 18:33:25'),(123,43,6,'mosque',1,'2024-11-25 18:33:29'),(124,43,7,'merhaba',1,'2024-11-25 18:33:34'),(125,43,8,'expensive',1,'2024-11-25 18:33:37'),(126,45,5,'köprü',1,'2024-11-25 18:34:21'),(127,45,6,'mosque',1,'2024-11-25 18:34:25'),(128,45,7,'merhaba',1,'2024-11-25 18:34:29'),(129,45,8,'expensive',1,'2024-11-25 18:34:32'),(130,50,5,'köprü',1,'2024-11-25 18:53:18'),(131,50,6,'mosque',1,'2024-11-25 18:53:25'),(132,50,7,'merhaba',1,'2024-11-25 18:53:35'),(133,50,8,'expensive',1,'2024-11-25 18:53:49'),(134,32,6,'car',0,'2024-11-25 18:58:19'),(135,49,5,'köprü',1,'2024-11-26 11:17:02'),(136,49,6,'mosque',1,'2024-11-26 11:17:06'),(137,49,7,'merhaba',1,'2024-11-26 11:17:11'),(138,49,8,'expensive',1,'2024-11-26 11:17:15'),(139,54,12,'Arkadaş',0,'2024-11-26 11:17:33'),(140,54,13,'Fight',1,'2024-11-26 11:17:38'),(141,54,14,'Sihir',1,'2024-11-26 11:17:45'),(142,55,12,'Arkadaş',0,'2024-11-26 11:46:02'),(145,57,5,'köprü',1,'2024-11-26 12:01:36'),(146,57,6,'mosque',1,'2024-11-26 12:01:50'),(147,57,7,'merhaba',1,'2024-11-26 12:02:35'),(148,57,8,'expensive',1,'2024-11-26 12:04:04'),(150,68,12,'Kahraman',1,'2024-11-26 12:31:19'),(151,68,13,'Battle',0,'2024-11-26 12:31:27'),(152,68,14,'Sihir',1,'2024-11-26 12:31:34'),(159,70,5,'köprü',1,'2024-12-07 08:21:06'),(160,70,6,'skyscraper',0,'2024-12-07 08:21:12'),(161,70,7,'merhaba',1,'2024-12-07 08:21:18'),(162,70,8,'expensive',1,'2024-12-07 08:21:37'),(163,73,8,'normal',0,'2024-12-07 08:39:49'),(164,71,12,'Asker',0,'2024-12-07 08:40:09'),(165,71,13,'Battle',0,'2024-12-10 13:00:27'),(166,58,19,'yapmak',1,'2024-12-10 13:15:08'),(167,71,14,'Sihir',1,'2024-12-10 15:13:19'),(168,74,5,'köprü',1,'2024-12-10 15:14:20'),(169,74,6,'mosque',1,'2024-12-10 15:14:23'),(170,74,7,'merhaba',1,'2024-12-10 15:14:29'),(171,74,8,'expensive',1,'2024-12-10 15:14:33'),(172,72,15,'sabırlı',1,'2024-12-10 15:38:11'),(173,72,16,'iğrenç',0,'2024-12-10 15:39:15'),(174,72,17,'funny',1,'2024-12-10 15:39:17'),(175,72,18,'trustworthy',1,'2024-12-10 15:39:19'),(176,75,19,'yapmak',1,'2024-12-10 15:44:32'),(177,78,12,'Arkadaş',0,'2024-12-10 15:53:29'),(178,60,15,'çalışkan',0,'2024-12-10 17:29:46'),(179,80,5,'köprü',1,'2024-12-10 19:04:25'),(180,80,6,'mosque',1,'2024-12-10 19:04:29'),(181,80,7,'merhaba',1,'2024-12-10 19:04:32'),(182,80,8,'expensive',1,'2024-12-10 19:04:35'),(183,75,20,'beğenmek',1,'2024-12-10 19:05:43'),(184,75,21,'söylemek',0,'2024-12-10 19:05:49'),(185,75,22,'söylemek',1,'2024-12-10 19:05:57'),(186,75,23,'bulmak',1,'2024-12-10 19:05:58'),(187,78,13,'Battle',0,'2024-12-13 15:48:40'),(188,78,14,'Sihir',1,'2024-12-13 15:48:42'),(189,82,15,'sabırlı',1,'2024-12-13 15:51:17'),(190,82,16,'harika',1,'2024-12-13 15:51:18'),(191,82,17,'funny',1,'2024-12-13 15:51:20'),(192,82,18,'trustworthy',1,'2024-12-13 15:51:22'),(202,87,12,'Arkadaş',0,'2024-12-13 17:33:25'),(203,87,13,'Friend',0,'2024-12-13 17:33:26'),(204,87,14,'Dua',0,'2024-12-13 17:33:28'),(205,88,19,'gitmek',0,'2024-12-13 17:34:29'),(206,88,20,'beğenmek',1,'2024-12-13 17:34:31'),(207,88,21,'anlatmak',1,'2024-12-13 17:34:32'),(208,88,22,'oynamak',0,'2024-12-13 17:34:33'),(209,88,23,'aramak',0,'2024-12-13 17:34:35'),(210,81,5,'yol',0,'2024-12-13 17:39:09'),(211,81,6,'way',0,'2024-12-13 17:39:12'),(216,90,5,'ışık',0,'2024-12-13 20:19:07'),(217,90,6,'skyscraper',0,'2024-12-13 20:19:08'),(218,90,7,'merhaba',1,'2024-12-13 20:19:09'),(219,90,8,'cheap',0,'2024-12-13 20:19:10'),(221,32,7,'merhaba',1,'2024-12-14 12:17:36'),(222,32,8,'expensive',1,'2024-12-14 12:17:42'),(226,92,12,'Kahraman',1,'2024-12-14 15:14:26'),(227,92,13,'Battle',0,'2024-12-14 15:14:29'),(228,92,14,'Sihir',1,'2024-12-14 15:14:34'),(229,93,15,'sabırlı',1,'2024-12-14 15:17:45'),(230,93,16,'harika',1,'2024-12-14 15:17:49'),(231,93,17,'funny',1,'2024-12-14 15:17:56'),(232,93,18,'trustworthy',1,'2024-12-14 15:18:01'),(233,96,41,'Branch',0,'2024-12-14 15:18:30'),(234,96,42,'Ağaç kabuğu',1,'2024-12-14 15:18:36'),(240,102,15,'sabırlı',1,'2024-12-14 17:24:26'),(241,102,16,'harika',1,'2024-12-14 17:24:29'),(242,102,17,'funny',1,'2024-12-14 17:24:33'),(243,102,18,'trustworthy',1,'2024-12-14 17:24:38'),(244,103,15,'yakışıklı',0,'2024-12-14 17:25:11'),(245,103,16,'tatsız',0,'2024-12-14 17:25:13'),(246,103,17,'disrespectful',0,'2024-12-14 17:25:17'),(247,103,18,'fake',0,'2024-12-14 17:25:19'),(248,104,15,'sabırlı',1,'2024-12-14 17:26:25'),(249,104,16,'harika',1,'2024-12-14 17:26:27'),(250,104,17,'disrespectful',0,'2024-12-14 17:26:30'),(251,104,18,'fake',0,'2024-12-14 17:26:32'),(260,106,15,'sabırlı',1,'2024-12-14 17:29:32'),(261,106,16,'harika',1,'2024-12-14 17:29:35'),(262,106,17,'funny',1,'2024-12-14 17:29:42'),(263,106,18,'trustworthy',1,'2024-12-14 17:29:46'),(264,44,5,'köprü',1,'2024-12-14 17:32:14'),(265,44,6,'mosque',1,'2024-12-14 17:32:23'),(266,44,7,'merhaba',1,'2024-12-14 17:32:29'),(267,44,8,'expensive',1,'2024-12-14 17:32:35'),(268,107,27,'Fisildamak',0,'2024-12-14 17:34:33'),(269,107,28,'Seyahat',1,'2024-12-14 17:34:42'),(270,107,29,'Hirs',0,'2024-12-14 17:34:47'),(271,107,30,'Sakin',1,'2024-12-14 17:34:52'),(272,109,41,'Flower',0,'2024-12-14 17:35:18'),(273,109,42,'Ağaş kökü',0,'2024-12-14 17:35:20'),(274,110,41,'Shrub',1,'2024-12-14 17:40:13'),(275,110,42,'Ağaç kabuğu',1,'2024-12-14 17:40:16'),(276,111,41,'Branch',0,'2024-12-14 17:41:01'),(277,111,42,'Ağaş kökü',0,'2024-12-14 17:41:04'),(278,113,41,'Shrub',1,'2024-12-14 17:41:19'),(279,113,42,'Ağaş kökü',0,'2024-12-14 17:41:21'),(280,115,41,'Shrub',1,'2024-12-14 17:42:00'),(281,115,42,'Deri',0,'2024-12-14 17:42:02'),(282,118,41,'Shrub',1,'2024-12-14 17:42:17'),(283,118,42,'Deri',0,'2024-12-14 17:42:20'),(284,100,5,'köprü',1,'2024-12-14 17:42:37'),(285,100,6,'skyscraper',0,'2024-12-14 17:42:39'),(286,100,7,'sen',0,'2024-12-14 17:42:41'),(287,100,8,'cheap',0,'2024-12-14 17:42:49'),(288,121,16,'harika',1,'2024-12-14 17:50:20'),(289,121,18,'trustworthy',1,'2024-12-14 17:50:27'),(290,76,12,'Asker',0,'2024-12-14 20:58:23'),(291,76,13,'Fight',1,'2024-12-14 20:58:25'),(292,76,14,'Uğur',0,'2024-12-14 20:58:28'),(293,123,12,'Kahraman',1,'2024-12-14 21:06:40'),(294,123,13,'Fight',1,'2024-12-14 21:06:43'),(295,123,14,'Sihir',1,'2024-12-14 21:06:53'),(305,128,41,'Shrub',1,'2024-12-14 21:13:15'),(306,128,42,'Ağaç kabuğu',1,'2024-12-14 21:13:22'),(307,129,16,'tatsız',0,'2024-12-14 21:14:54'),(308,129,15,'sabırlı',1,'2024-12-14 21:14:58'),(309,129,17,'funny',1,'2024-12-14 21:15:01'),(310,129,18,'trustworthy',1,'2024-12-14 21:15:04'),(312,131,19,'yapmak',1,'2024-12-14 21:21:42'),(313,131,20,'susmak',0,'2024-12-14 21:22:44'),(314,131,21,'susmak',0,'2024-12-14 21:23:09'),(315,131,22,'söylemek',1,'2024-12-14 21:23:49'),(316,131,23,'beğenmek',0,'2024-12-14 21:24:06'),(317,134,5,'köprü',1,'2024-12-14 21:59:45'),(318,134,6,'mosque',1,'2024-12-14 21:59:51'),(319,134,7,'merhaba',1,'2024-12-14 22:00:01'),(320,134,8,'expensive',1,'2024-12-14 22:00:27'),(321,135,12,'Kahraman',1,'2024-12-14 22:01:17'),(322,135,13,'Fight',1,'2024-12-14 22:01:20'),(323,135,14,'Sihir',1,'2024-12-14 22:01:24'),(324,138,5,'köprü',1,'2024-12-15 07:44:45'),(325,138,6,'mosque',1,'2024-12-15 07:45:05'),(326,138,7,'merhaba',1,'2024-12-15 07:45:14'),(327,138,8,'expensive',1,'2024-12-15 07:45:23'),(332,142,12,'Kahraman',1,'2024-12-15 07:55:59'),(333,142,13,'Fight',1,'2024-12-15 07:56:02'),(334,142,14,'Sihir',1,'2024-12-15 07:56:06'),(335,143,12,'Kahraman',1,'2024-12-15 07:56:25'),(336,143,13,'Fight',1,'2024-12-15 07:56:29'),(337,143,14,'Sihir',1,'2024-12-15 07:56:33'),(341,94,19,'yapmak',1,'2024-12-15 07:58:19'),(342,94,20,'beğenmek',1,'2024-12-15 07:58:22'),(343,94,21,'söylemek',0,'2024-12-15 07:58:26'),(344,94,22,'söylemek',1,'2024-12-15 07:58:29'),(345,94,23,'bulmak',1,'2024-12-15 07:58:32'),(350,145,15,'sabırlı',1,'2024-12-15 08:04:00'),(351,145,16,'harika',1,'2024-12-15 08:04:05'),(352,145,17,'funny',1,'2024-12-15 08:04:09'),(353,145,18,'trustworthy',1,'2024-12-15 08:04:15'),(354,150,13,'Battle',0,'2024-12-15 08:37:25'),(355,150,14,'Sihir',1,'2024-12-15 08:37:42'),(356,151,16,'iğrenç',0,'2024-12-15 08:39:23'),(357,151,17,'funny',1,'2024-12-15 08:39:50'),(358,151,18,'trustworthy',1,'2024-12-15 08:40:21'),(359,151,15,'sabırlı',1,'2024-12-15 08:40:29'),(360,152,12,'Kahraman',1,'2024-12-15 08:55:05'),(361,152,13,'Fight',1,'2024-12-15 08:55:09'),(362,152,14,'Sihir',1,'2024-12-15 08:55:12'),(368,60,16,'sahte',0,'2024-12-15 17:54:38'),(369,60,17,'funny',1,'2024-12-15 17:54:46'),(370,60,18,'unreliable',0,'2024-12-15 17:54:55'),(371,157,41,'Shrub',1,'2024-12-15 19:07:51'),(372,157,42,'Ağaç kabuğu',1,'2024-12-15 19:07:54'),(373,158,41,'Shrub',1,'2024-12-15 19:08:04'),(374,158,42,'Ağaç kabuğu',1,'2024-12-15 19:08:06'),(386,167,15,'sabırlı',1,'2024-12-15 22:13:35'),(387,167,16,'tatsız',0,'2024-12-15 22:13:45'),(388,167,17,'funny',1,'2024-12-15 22:14:38'),(389,167,18,'trustworthy',1,'2024-12-15 22:14:42'),(397,175,41,'Shrub',1,'2024-12-16 12:02:50'),(398,175,42,'Ağaç kabuğu',1,'2024-12-16 12:02:53'),(399,177,12,'Kahraman',1,'2024-12-16 12:39:18'),(400,177,13,'Fight',1,'2024-12-16 12:39:20'),(401,177,14,'Sihir',1,'2024-12-16 12:39:23'),(402,181,5,'köprü',1,'2024-12-16 13:01:41'),(403,181,6,'mosque',1,'2024-12-16 13:01:42'),(404,181,7,'merhaba',1,'2024-12-16 13:01:47'),(405,181,8,'expensive',1,'2024-12-16 13:01:49'),(407,190,5,'köprü',1,'2024-12-16 16:44:21'),(408,190,8,'expensive',1,'2024-12-16 16:44:24'),(409,197,129,'expensive',1,'2024-12-16 16:46:20'),(410,197,130,'mosque',1,'2024-12-16 16:46:24'),(411,197,131,'köprü',1,'2024-12-16 16:47:03'),(412,198,150,'mutlu',1,'2024-12-16 17:10:12'),(413,198,151,'angry',1,'2024-12-16 17:10:20'),(414,202,132,'kırmızı',1,'2024-12-16 17:21:10'),(415,202,133,'white',1,'2024-12-16 17:21:13'),(416,202,134,'yeşil',1,'2024-12-16 17:21:16'),(417,203,138,'süt',0,'2024-12-16 17:21:32'),(418,203,139,'tavuk',0,'2024-12-16 17:21:35'),(419,203,140,'a dessert',0,'2024-12-16 17:21:39'),(423,208,12,'Arkadaş',0,'2024-12-16 17:26:30'),(424,208,13,'Friend',0,'2024-12-16 17:26:36'),(425,208,14,'Uğur',0,'2024-12-16 17:26:40'),(430,211,12,'Düşman',0,'2024-12-16 17:27:32'),(431,211,13,'Army',0,'2024-12-16 17:27:36'),(432,211,14,'Uğur',0,'2024-12-16 17:27:38'),(433,149,12,'Kahraman',1,'2024-12-16 17:51:48'),(434,149,13,'Fight',1,'2024-12-16 17:51:54'),(435,149,14,'Dua',0,'2024-12-16 17:52:10'),(436,214,153,'iyi niyetli',1,'2024-12-16 17:53:12'),(437,215,12,'Kahraman',1,'2024-12-16 17:53:22'),(438,215,13,'Fight',1,'2024-12-16 17:53:26'),(439,214,154,'majestic',1,'2024-12-16 17:53:37'),(440,214,155,'difficult to understand or explain',1,'2024-12-16 17:53:50'),(441,215,14,'Sihir',1,'2024-12-16 17:53:52'),(442,218,15,'sabırlı',1,'2024-12-16 17:55:15'),(443,218,16,'sahte',0,'2024-12-16 17:55:19'),(444,218,17,'funny',1,'2024-12-16 17:55:28'),(445,219,20,'farklılaşmak',0,'2024-12-16 18:48:22'),(446,219,21,'anlatmak',1,'2024-12-16 18:48:31'),(447,219,22,'oynamak',0,'2024-12-16 18:48:41'),(448,219,23,'bulmak',1,'2024-12-16 18:48:47'),(449,218,18,'trustworthy',1,'2024-12-16 18:50:09'),(450,220,179,'fil',1,'2024-12-16 18:54:09'),(451,220,180,'any animal that lives by preying on other animals',1,'2024-12-16 18:54:32'),(452,220,181,'cat',1,'2024-12-16 18:54:39'),(453,220,182,'kaplan',1,'2024-12-16 18:54:51'),(454,222,132,'kırmızı',1,'2024-12-16 19:13:52'),(455,222,133,'white',1,'2024-12-16 19:13:55'),(456,222,134,'yeşil',1,'2024-12-16 19:13:57'),(457,223,41,'Shrub',1,'2024-12-16 19:14:42'),(458,223,42,'Ağaç kabuğu',1,'2024-12-16 19:14:56'),(459,224,179,'fil',1,'2024-12-16 19:18:16'),(460,224,180,'any animal that lives by preying on other animals',1,'2024-12-16 19:18:20'),(461,224,181,'cat',1,'2024-12-16 19:18:22'),(462,224,182,'kaplan',1,'2024-12-16 19:18:24'),(463,226,194,'lizzard',0,'2024-12-16 19:20:49'),(464,226,197,'castle',0,'2024-12-16 19:22:59'),(465,251,157,'gezi planı',1,'2024-12-16 22:52:43'),(466,251,158,'sırt çantalı gezgin',1,'2024-12-16 22:52:49'),(467,251,159,'a gift or item bought to remind you of a place',1,'2024-12-16 22:52:55'),(468,252,169,'fırında pişirmek',1,'2024-12-16 22:53:30'),(469,252,170,'sotelemek',1,'2024-12-16 22:53:36'),(470,252,171,'to soak food in a flavored liquid before cooking',1,'2024-12-16 22:53:50'),(471,253,132,'kırmızı',1,'2024-12-16 22:54:04'),(472,253,133,'white',1,'2024-12-16 22:54:08'),(473,253,134,'yeşil',1,'2024-12-16 22:54:11'),(474,254,41,'Shrub',1,'2024-12-16 22:54:37'),(475,254,42,'Ağaç kabuğu',1,'2024-12-16 22:54:40'),(476,188,12,'Kahraman',1,'2024-12-16 22:55:02'),(477,188,13,'Fight',1,'2024-12-16 22:55:06'),(478,188,14,'Sihir',1,'2024-12-16 22:55:09'),(479,255,179,'fil',1,'2024-12-16 22:55:16'),(480,256,144,'yağmur',1,'2024-12-16 23:03:43'),(481,256,145,'sunny',1,'2024-12-16 23:03:51'),(482,256,146,'kar',1,'2024-12-16 23:03:56'),(483,257,55,'görmek',1,'2024-12-16 23:04:18'),(484,257,56,'know',1,'2024-12-16 23:04:22'),(485,257,57,'yapmak',1,'2024-12-16 23:04:25'),(486,258,214,'köprü',1,'2024-12-16 23:04:35'),(487,258,215,'school',1,'2024-12-16 23:04:39'),(488,258,216,'a building that houses a collection of books and other materials',1,'2024-12-16 23:04:51'),(489,258,217,'metro (treni)',1,'2024-12-16 23:04:57'),(490,258,218,'a suite of rooms usually on one floor of houses',1,'2024-12-16 23:05:05'),(491,258,219,'garden',1,'2024-12-16 23:05:20'),(492,259,135,'metro',1,'2024-12-16 23:05:33'),(493,259,136,'apartment',1,'2024-12-16 23:05:41'),(494,259,137,'a public green space',1,'2024-12-16 23:05:58'),(495,260,194,'dragon',1,'2024-12-16 23:06:07'),(496,260,195,'taht',1,'2024-12-16 23:06:10'),(497,260,196,'watch',1,'2024-12-16 23:06:17'),(498,260,197,'wall',1,'2024-12-16 23:06:21'),(499,260,198,'çelik',1,'2024-12-16 23:06:26'),(500,260,199,'kalkan',1,'2024-12-16 23:06:31'),(501,260,200,'any of various predatory carnivorous canine mammals of North America and Eurasia that usually hunt in packs',1,'2024-12-16 23:06:43'),(502,261,27,'Fisildamak',0,'2024-12-16 23:07:28'),(503,261,28,'Seyahat',1,'2024-12-16 23:07:34'),(504,261,29,'Umut',1,'2024-12-16 23:07:40'),(505,261,30,'Gurultulu',0,'2024-12-16 23:07:45'),(515,271,132,'kırmızı',1,'2024-12-17 11:49:48'),(516,271,133,'white',1,'2024-12-17 11:49:51'),(517,271,134,'yeşil',1,'2024-12-17 11:50:26'),(518,165,55,'görmek',1,'2024-12-17 12:36:11'),(519,165,56,'know',1,'2024-12-17 12:36:15'),(520,165,57,'olmak',0,'2024-12-17 12:36:42'),(521,272,179,'mezbaha',0,'2024-12-17 12:37:07'),(522,272,180,'a general concept formed by extracting common features from specific examples',0,'2024-12-17 12:37:08'),(523,272,181,'cat',1,'2024-12-17 12:37:28'),(524,273,12,'Kahraman',1,'2024-12-17 21:37:30'),(525,273,13,'Battle',0,'2024-12-17 21:38:11'),(526,273,14,'Sihir',1,'2024-12-17 21:38:24'),(527,274,5,'köprü',1,'2024-12-17 21:38:54'),(528,274,6,'mosque',1,'2024-12-17 21:39:01'),(529,274,7,'merhaba',1,'2024-12-17 21:39:09'),(530,274,8,'expensive',1,'2024-12-17 21:39:12'),(531,275,12,'Kahraman',1,'2024-12-18 12:03:01'),(532,275,13,'Fight',1,'2024-12-18 12:03:07'),(533,275,14,'Sihir',1,'2024-12-18 12:03:11'),(534,277,234,'nervous',0,'2024-12-18 13:25:14'),(535,277,235,'a building where you can study books',0,'2024-12-18 13:26:14'),(536,277,236,'expensive',1,'2024-12-18 13:26:29'),(537,277,237,'university',0,'2024-12-18 13:26:36'),(538,277,238,'sırt çantalı gezgin',1,'2024-12-18 13:27:06'),(539,279,214,'asma',0,'2024-12-18 13:51:43'),(540,279,215,'school',1,'2024-12-18 13:51:47'),(541,279,216,'a building that houses a collection of books and other materials',1,'2024-12-18 13:51:50'),(542,279,217,'sandiviç',0,'2024-12-18 13:51:55'),(543,279,218,'a group of houses',0,'2024-12-18 13:51:58'),(544,279,219,'garden',1,'2024-12-18 13:52:03'),(545,280,15,'sabırlı',1,'2024-12-18 19:51:00'),(546,280,16,'harika',1,'2024-12-18 19:51:04'),(547,280,17,'funny',1,'2024-12-18 19:51:10'),(548,280,18,'trustworthy',1,'2024-12-18 19:51:13'),(549,281,55,'saymak',0,'2024-12-18 19:51:40'),(550,281,56,'cow',0,'2024-12-18 19:51:43'),(551,281,57,'sürmek',0,'2024-12-18 19:51:48'),(552,282,157,'gezi planı',1,'2024-12-18 19:54:02'),(553,282,158,'sırt çantalı gezgin',1,'2024-12-18 19:54:15'),(554,282,159,'a gift or item bought to remind you of a place',1,'2024-12-18 19:54:21'),(555,283,169,'yapıştırmak',0,'2024-12-18 19:54:34'),(556,283,170,'kavurmak',0,'2024-12-18 19:54:41'),(557,283,171,'to store food in a refrigerator',0,'2024-12-18 19:54:49'),(558,284,234,'happy',0,'2024-12-18 20:00:58'),(559,284,235,'a building where you can buy books',0,'2024-12-18 20:01:05'),(560,284,236,'inflation',0,'2024-12-18 20:01:22'),(561,284,238,'turist',0,'2024-12-18 20:01:43'),(562,285,5,'köprü',1,'2024-12-18 20:02:24'),(563,285,6,'mosque',1,'2024-12-18 20:02:31'),(564,285,7,'merhaba',1,'2024-12-18 20:02:37'),(565,285,8,'cheap',0,'2024-12-18 20:02:42'),(566,286,242,'substitute a person or thing for (another that is broken or inefficient or lost or no longer working or yielding what is expected)',1,'2024-12-19 06:39:06'),(567,286,243,'gaz pedalı',0,'2024-12-19 06:39:12'),(568,286,244,'vekil',1,'2024-12-19 06:39:20'),(569,250,214,'köprü',1,'2024-12-19 20:15:46'),(570,250,215,'school',1,'2024-12-19 20:15:50'),(571,250,216,'a building where you can buy books',0,'2024-12-19 20:15:52'),(572,250,217,'metro (treni)',1,'2024-12-19 20:15:55'),(573,250,218,'a suite of rooms usually on one floor of houses',1,'2024-12-19 20:16:00'),(574,250,219,'greenhouse',0,'2024-12-19 20:16:05');
/*!40000 ALTER TABLE `question_answers` ENABLE KEYS */;
UNLOCK TABLES;

--
-- Table structure for table `questions`
--

DROP TABLE IF EXISTS `questions`;
/*!40101 SET @saved_cs_client     = @@character_set_client */;
/*!50503 SET character_set_client = utf8mb4 */;
CREATE TABLE `questions` (
  `id` int NOT NULL AUTO_INCREMENT,
  `quiz_id` int NOT NULL,
  `question_type` enum('english_to_turkish','turkish_to_english','english_to_sense') NOT NULL,
  `word` varchar(255) NOT NULL,
  `correct_answer` varchar(255) NOT NULL,
  `wrong_answer1` varchar(255) DEFAULT NULL,
  `wrong_answer2` varchar(255) DEFAULT NULL,
  `wrong_answer3` varchar(255) DEFAULT NULL,
  `difficulty` float DEFAULT NULL,
  PRIMARY KEY (`id`),
  KEY `quiz_id` (`quiz_id`),
  CONSTRAINT `questions_ibfk_1` FOREIGN KEY (`quiz_id`) REFERENCES `quizzes` (`id`) ON DELETE CASCADE
) ENGINE=InnoDB AUTO_INCREMENT=247 DEFAULT CHARSET=utf8mb4 COLLATE=utf8mb4_0900_ai_ci;
/*!40101 SET character_set_client = @saved_cs_client */;

--
-- Dumping data for table `questions`
--

LOCK TABLES `questions` WRITE;
/*!40000 ALTER TABLE `questions` DISABLE KEYS */;
INSERT INTO `questions` VALUES (5,2,'english_to_turkish','bridge','köprü','asma','ışık','yol',1976),(6,2,'turkish_to_english','cami','mosque','way','skyscraper','car',2425),(7,2,'english_to_turkish','hello','merhaba','nasılsın','iyiyim','sen',2010),(8,2,'turkish_to_english','pahalı','expensive','inflation','cheap','normal',2025),(12,4,'english_to_turkish','Hero','Kahraman','Arkadaş','Düşman','Asker',2030),(13,4,'turkish_to_english','Savaşmak','Fight','Friend','Army','Battle',1608),(14,4,'english_to_turkish','Magic','Sihir','Uğur','Dua','Bilim',1984),(15,5,'english_to_turkish','patient','sabırlı','çalışkan','yakışıklı','güzel',1976),(16,5,'english_to_turkish','marvelous','harika','iğrenç','tatsız','sahte',2605),(17,5,'turkish_to_english','eğlenceli','funny','disrespectful','continuous','perfect',1775),(18,5,'turkish_to_english','güvenilir','trustworthy','fake','unreliable','dishonored',2615),(19,6,'english_to_turkish','do','yapmak','gitmek','kaldırmak','taşımak',712),(20,6,'english_to_turkish','like','beğenmek','bakmak','farklılaşmak','susmak',664),(21,6,'english_to_turkish','tell','anlatmak','söylemek','bağırmak','susmak',1368),(22,6,'english_to_turkish','say','söylemek','çağırmak','susturmak','oynamak',1080),(23,6,'english_to_turkish','find','bulmak','aramak','beğenmek','açmak',1184),(27,8,'english_to_turkish','Whisper','Bagirmak','Dinlemek','Fisildamak','Susmak',2500),(28,8,'english_to_turkish','Journey','Seyahat','Baslangic','Sonuc','Harita',2045),(29,8,'english_to_turkish','Ambition','Umut','Hirs','Sabir','Cesaret',2415),(30,8,'english_to_turkish','Serene','Sakin','Hareketli','Gurultulu','Yogun',2735),(41,22,'turkish_to_english','Çalı','Shrub','Branch','Flower','Tree',2775),(42,22,'english_to_turkish','Bark','Ağaç kabuğu','Ağaş kökü','Deri','Köpek',2445),(55,29,'english_to_turkish','see','görmek','bakmak','silmek','saymak',304),(56,29,'turkish_to_english','bilmek','know','cow','slow','move',304),(57,29,'english_to_turkish','make','yapmak','olmak','silmek','sürmek',308),(129,45,'turkish_to_english','pahalı','expensive','inflation','cheap','normal',2025),(130,45,'turkish_to_english','cami','mosque','way','skyscraper','car',2425),(131,45,'english_to_turkish','bridge','köprü','asma','ışık','yol',1976),(132,46,'english_to_turkish','red','kırmızı','yeşil','mavi','sarı',448),(133,46,'turkish_to_english','beyaz','white','yellow','green','purple',413),(134,46,'english_to_turkish','green','yeşil','beyaz','kırmızı','mavi',483),(135,47,'english_to_turkish','subway','metro','tren','otobüs','vapur',1844),(136,47,'turkish_to_english','apartman','apartment','apartment','building','mansion',933),(137,47,'english_to_sense','park','a public green space','place to park cars','a forest','a shopping mall',478),(138,48,'english_to_turkish','coffee','kahve','çay','süt','su',700),(139,48,'english_to_turkish','pizza','pizza','hamburger','tavuk','makarna',1267),(140,48,'english_to_sense','salad','a dish made from vegetables','a soup','a drink','a dessert',1701),(141,49,'english_to_turkish','dog','köpek','kedi','kuş','inek',489),(142,49,'turkish_to_english','kedi','cat','dog','rabbit','lion',789),(143,49,'english_to_turkish','horse','at','kuzu','inek','fil',811),(144,50,'english_to_turkish','rain','yağmur','güneş','kar','rüzgar',867),(145,50,'turkish_to_english','güneşli','sunny','cloudy','rainy','stormy',1817),(146,50,'english_to_turkish','snow','kar','yağmur','gökkuşağı','rüzgar',922),(147,51,'english_to_turkish','sofa','kanape','masa','yatak','lamba',2324),(148,51,'turkish_to_english','lamba','lamp','lamp','lightbulb','table',1844),(149,51,'english_to_sense','refrigerator','a cold appliance for storing food','a cupboard','an oven','a microwave',2609),(150,52,'english_to_turkish','happy','mutlu','üzgün','kızgın','mutsuz',443),(151,52,'turkish_to_english','kızgın','angry','happy','nervous','excited',922),(152,52,'english_to_sense','nervous','feeling uneasy or worried','very excited','very relaxed','very sad',1283),(153,53,'english_to_turkish','benevolent','iyi niyetli','kötü','neşeli','sert',2833),(154,53,'turkish_to_english','görkemli','majestic','beautiful','elegant','glorious',2641),(155,53,'english_to_sense','mysterious','difficult to understand or explain','very clear','very bright','very boring',1671),(157,57,'english_to_turkish','itinerary','gezi planı','rehber','bilet','harita',2925),(158,57,'english_to_turkish','backpacker','sırt çantalı gezgin','tatilci','turist','seyyah',3000),(159,57,'english_to_sense','souvenir','a gift or item bought to remind you of a place','a type of food','a tool for camping','a popular tourist destination',2817),(160,58,'english_to_turkish','investment','yatırım','yönetim','satın alma','borç',722),(161,58,'english_to_turkish','merger','birleşme','şirket satışı','banka kredisi','iş anlaşması',1957),(162,58,'english_to_sense','liquidity','the ability to quickly convert assets into cash','the amount of debt in a company','the total revenue of a business','a method for increasing profit',2741),(163,59,'english_to_turkish','hurricane','kasırga','fırtına','yağmur','kar',1771),(164,59,'english_to_turkish','drought','kuraklık','sel','kar','rüzgar',2100),(165,59,'english_to_sense','humidity','the amount of moisture in the air','the intensity of sunlight','the level of air pressure','the speed of wind',2275),(166,62,'english_to_turkish','ritual','ritüel','bayram','kutlama','seremoni',1884),(167,62,'english_to_turkish','heritage','miras','tarih','sanat','kültür',1384),(168,62,'english_to_sense','celebration','a social event to mark a significant occasion','an important meeting','a personal milestone','a public gathering to honor something',1500),(169,63,'english_to_turkish','bake','fırında pişirmek','kızartmak','haşlamak','yapıştırmak',2075),(170,63,'english_to_turkish','sauté','sotelemek','kaynatmak','haşlamak','kavurmak',3567),(171,63,'english_to_sense','marinate','to soak food in a flavored liquid before cooking','to cook food quickly','to store food in a refrigerator','to prepare food by applying heat',3458),(173,65,'english_to_turkish','inequality','eşitsizlik','eşitlik','adalet','sosyal yardımlar',2050),(174,65,'english_to_turkish','discrimination','ayrımcılık','hoşgörü','kabul','önyargı',1467),(175,65,'english_to_sense','poverty','the state of being extremely poor','the process of improving wealth','the condition of being wealthy','the ability to earn money easily',1218),(179,67,'english_to_turkish','elephant','fil','terk','mezbaha','manastır',1801),(180,67,'english_to_sense','predator','any animal that lives by preying on other animals','that which is perceived or known or inferred to have its own distinct existence (living or nonliving)','a general concept formed by extracting common features from specific examples','a separate and self-contained entity',2525),(181,67,'turkish_to_english','kedi','cat','dog','rabbit','lion',789),(182,67,'english_to_turkish','tiger','kaplan','terk','mezbaha','manastır',1482),(183,68,'turkish_to_english','ders','lesson','break','campus','club',1200),(184,68,'english_to_turkish','midterm','sömestr ortasında yapılan sınav','final','quiz','ara tatil',3000),(185,68,'turkish_to_english','kütüphane','library','book','chair','sleep',700),(186,68,'english_to_turkish','preparation','hazırlık','uzman','mezun','orta seviye',1450),(187,68,'english_to_turkish','freshman','birinci sınıf öğrencisi (kolej/üniversite)','ikinci sınıf öğrencisi (kolej/üniversite)','üçüncü sınıf öğrencisi (kolej/üniversite)','dördüncü sınıf öğrencisi (kolej/üniversite)',1943),(188,68,'english_to_sense','activity','any specific behavior','that which is perceived or known or inferred to have its own distinct existence (living or nonliving)','a general concept formed by extracting common features from specific examples','a separate and self-contained entity',700),(189,69,'english_to_turkish','spicy','baharatlı','çürük (yumurta)','bayat','eski',2350),(190,69,'english_to_sense','recipe','directions for making something','that which is perceived or known or inferred to have its own distinct existence (living or nonliving)','a general concept formed by extracting common features from specific examples','a separate and self-contained entity',1585),(191,69,'turkish_to_english','çorba','soup','accompaniment','acidity','adipose',1701),(192,69,'english_to_turkish','knife','bıçak','terk','mezbaha','manastır',1300),(193,69,'english_to_sense','oven','kitchen appliance used for baking or roasting','that which is perceived or known or inferred to have its own distinct existence (living or nonliving)','a general concept formed by extracting common features from specific examples','a separate and self-contained entity',1844),(194,70,'turkish_to_english','ejderha','dragon','snake','lizzard','chicken',1300),(195,70,'english_to_turkish','throne','taht','lord','taç','sur',1756),(196,70,'turkish_to_english','nöbet','watch','soldier','keeper','jail',444),(197,70,'turkish_to_english','duvar','wall','castle','palace','ice',500),(198,70,'english_to_turkish','steel','çelik','demir','bakır','kurşun',867),(199,70,'english_to_turkish','shield','kalkan','zırh','miğfer','yay',1482),(200,70,'english_to_sense','wolf','any of various predatory carnivorous canine mammals of North America and Eurasia that usually hunt in packs','that which is perceived or known or inferred to have its own distinct existence (living or nonliving)','a general concept formed by extracting common features from specific examples','a separate and self-contained entity',1400),(210,73,'english_to_turkish','blue','mavi','kırmızı','yeşil','sarı',483),(211,73,'english_to_turkish','yellow','sarı','turuncu','mavi','kırmızı',889),(212,73,'english_to_turkish','red','kırmızı','yeşil','mavi','sarı',448),(214,75,'english_to_turkish','bridge','köprü','asma','ışık','yol',800),(215,75,'turkish_to_english','okul','school','university','train','shopping mall',376),(216,75,'english_to_sense','library','a building that houses a collection of books and other materials','a building where you can buy books','a building where you can study books','a building where books are printed',700),(217,75,'english_to_turkish','subway','metro (treni)','sandiviç','otobüs','alt geçit',1844),(218,75,'english_to_sense','apartment','a suite of rooms usually on one floor of houses','a group of houses','a university campus','a suite of schools',933),(219,75,'turkish_to_english','bahçe','garden','zoo','ice rink','greenhouse',800),(229,84,'english_to_turkish','backpacker','sırt çantalı gezgin','tatilci','turist','seyyah',3000),(230,84,'english_to_sense','library','a building that houses a collection of books and other materials','a building where you can buy books','a building where you can study books','a building where books are printed',700),(231,84,'turkish_to_english','pahalı','expensive','inflation','cheap','normal',2025),(232,84,'turkish_to_english','kızgın','angry','happy','nervous','excited',922),(233,84,'turkish_to_english','okul','school','university','train','shopping center',376),(234,85,'turkish_to_english','kızgın','angry','happy','nervous','excited',922),(235,85,'english_to_sense','library','a building that houses a collection of books and other materials','a building where you can buy books','a building where you can study books','a building where books are printed',700),(236,85,'turkish_to_english','pahalı','expensive','inflation','cheap','normal',2025),(237,85,'turkish_to_english','okul','school','university','train','shopping center',376),(238,85,'english_to_turkish','backpacker','sırt çantalı gezgin','tatilci','turist','seyyah',3000),(239,86,'english_to_turkish','bridge','köprü','asma','ışık','yol',1976),(240,86,'turkish_to_english','cami','mosque','way','skyscraper','car',2425),(241,86,'turkish_to_english','pahalı','expensive','inflation','cheap','normal',2025),(242,87,'english_to_sense','replace','substitute a person or thing for (another that is broken or inefficient or lost or no longer working or yielding what is expected)','draw air into, and expel out of, the lungs','undergo the biomedical and metabolic processes of respiration by taking up oxygen and producing carbon monoxide','breathe easily again, as after exertion or anxiety',1017),(243,87,'english_to_turkish','glass','cam','taşıtın içinde olma','aşındırıcı madde','gaz pedalı',711),(244,87,'english_to_turkish','surrogate','vekil','başlangıç','birincilik','karınca yiyen',2800),(245,89,'english_to_turkish','apple','elma','armut','muz','kiraz',811),(246,89,'turkish_to_english','kedi','cat','dog','bird','fish',789);
/*!40000 ALTER TABLE `questions` ENABLE KEYS */;
UNLOCK TABLES;

--
-- Table structure for table `quiz_attempts`
--

DROP TABLE IF EXISTS `quiz_attempts`;
/*!40101 SET @saved_cs_client     = @@character_set_client */;
/*!50503 SET character_set_client = utf8mb4 */;
CREATE TABLE `quiz_attempts` (
  `id` int NOT NULL AUTO_INCREMENT,
  `user_id` int NOT NULL,
  `quiz_id` int NOT NULL,
  `score` int DEFAULT NULL,
  `is_completed` tinyint(1) DEFAULT '0',
  `completed_at` timestamp NULL DEFAULT NULL,
  `updated_at` timestamp NULL DEFAULT CURRENT_TIMESTAMP ON UPDATE CURRENT_TIMESTAMP,
  PRIMARY KEY (`id`),
  KEY `user_id` (`user_id`),
  KEY `quiz_id` (`quiz_id`),
  CONSTRAINT `quiz_attempts_ibfk_1` FOREIGN KEY (`user_id`) REFERENCES `users` (`id`) ON DELETE CASCADE,
  CONSTRAINT `quiz_attempts_ibfk_2` FOREIGN KEY (`quiz_id`) REFERENCES `quizzes` (`id`) ON DELETE CASCADE
) ENGINE=InnoDB AUTO_INCREMENT=291 DEFAULT CHARSET=utf8mb4 COLLATE=utf8mb4_0900_ai_ci;
/*!40101 SET character_set_client = @saved_cs_client */;

--
-- Dumping data for table `quiz_attempts`
--

LOCK TABLES `quiz_attempts` WRITE;
/*!40000 ALTER TABLE `quiz_attempts` DISABLE KEYS */;
INSERT INTO `quiz_attempts` VALUES (24,7,2,0,1,'2024-11-25 17:47:06','2024-11-25 17:47:06'),(25,8,2,-8,1,'2024-11-25 17:48:58','2024-11-25 17:48:58'),(26,1,2,1,1,'2024-11-25 17:50:10','2024-11-25 17:50:10'),(28,8,2,0,0,NULL,'2024-11-25 17:53:29'),(29,8,2,0,0,NULL,'2024-11-25 17:53:29'),(31,9,2,0,0,NULL,'2024-11-25 17:53:37'),(32,4,2,6,1,'2024-12-14 12:17:44','2024-12-14 12:17:44'),(35,10,2,6,1,'2024-11-25 18:18:17','2024-11-25 18:18:17'),(36,10,2,8,1,'2024-11-25 18:29:53','2024-11-25 18:29:53'),(39,3,2,0,1,'2024-11-25 18:22:43','2024-11-25 18:22:43'),(43,10,2,8,1,'2024-11-25 18:33:39','2024-11-25 18:33:39'),(44,10,2,0,1,'2024-12-14 17:32:39','2024-12-14 17:32:39'),(45,10,2,8,1,'2024-11-25 18:34:34','2024-11-25 18:34:34'),(47,3,2,0,1,'2024-11-25 18:38:39','2024-11-25 18:38:39'),(48,3,2,0,1,'2024-11-25 18:45:51','2024-11-25 18:45:51'),(49,2,2,9,1,'2024-11-26 11:17:25','2024-11-26 11:17:25'),(50,11,2,8,1,'2024-11-25 18:53:51','2024-11-25 18:53:51'),(51,11,2,0,0,NULL,'2024-11-25 18:59:17'),(54,2,4,3,1,'2024-11-26 11:17:49','2024-11-26 11:17:49'),(55,2,4,0,1,'2024-12-15 05:27:05','2024-12-15 05:27:05'),(57,7,2,9,1,'2024-11-26 12:04:06','2024-11-26 12:04:06'),(58,2,6,0,1,'2024-12-15 05:34:12','2024-12-15 05:34:12'),(60,2,5,0,0,NULL,'2024-11-26 12:22:12'),(62,3,2,0,0,NULL,'2024-11-26 12:23:44'),(63,3,4,0,0,NULL,'2024-11-26 12:24:00'),(64,3,6,0,0,NULL,'2024-11-26 12:24:11'),(65,3,5,0,0,NULL,'2024-11-26 12:24:26'),(68,7,4,4,1,'2024-11-26 12:31:37','2024-11-26 12:31:37'),(70,13,2,6,1,'2024-12-07 08:23:09','2024-12-07 08:23:09'),(71,13,4,2,1,'2024-12-10 15:13:21','2024-12-10 15:13:21'),(72,13,5,0,1,'2024-12-10 15:39:21','2024-12-10 15:39:21'),(73,13,2,0,1,'2024-12-07 08:39:52','2024-12-07 08:39:52'),(74,13,2,0,1,'2024-12-10 15:14:34','2024-12-10 15:14:34'),(75,13,6,2,1,'2024-12-10 19:06:03','2024-12-10 19:06:03'),(76,4,4,1,1,'2024-12-14 20:58:29','2024-12-14 20:58:29'),(77,4,6,0,1,'2024-12-15 08:01:54','2024-12-15 08:01:54'),(78,13,4,0,1,'2024-12-13 15:48:46','2024-12-13 15:48:46'),(79,2,2,0,0,NULL,'2024-12-10 17:29:32'),(80,13,2,0,1,'2024-12-10 19:04:39','2024-12-10 19:04:39'),(81,13,2,0,1,'2024-12-13 17:39:23','2024-12-13 17:39:23'),(82,13,5,0,1,'2024-12-13 15:51:24','2024-12-13 15:51:24'),(87,13,4,0,1,'2024-12-13 17:33:31','2024-12-13 17:33:31'),(88,13,6,0,1,'2024-12-13 17:34:36','2024-12-13 17:34:36'),(89,13,8,0,0,NULL,'2024-12-13 17:34:42'),(90,13,2,0,1,'2024-12-13 20:19:12','2024-12-13 20:19:12'),(92,10,4,3,1,'2024-12-14 15:14:35','2024-12-14 15:14:35'),(93,10,5,9,1,'2024-12-14 15:18:03','2024-12-14 15:18:03'),(94,10,6,-1,1,'2024-12-15 07:58:34','2024-12-15 07:58:34'),(95,10,22,0,0,NULL,'2024-12-14 15:18:26'),(96,10,22,2,1,'2024-12-14 15:18:38','2024-12-14 15:18:38'),(99,3,8,0,0,NULL,'2024-12-14 15:49:25'),(100,4,2,0,1,'2024-12-14 17:42:51','2024-12-14 17:42:51'),(102,4,5,10,1,'2024-12-14 17:24:40','2024-12-14 17:24:40'),(103,4,5,0,1,'2024-12-14 17:25:22','2024-12-14 17:25:22'),(104,4,5,0,1,'2024-12-14 17:26:35','2024-12-14 17:26:35'),(106,10,5,0,1,'2024-12-14 17:29:47','2024-12-14 17:29:47'),(107,10,8,5,1,'2024-12-14 17:34:54','2024-12-14 17:34:54'),(109,4,22,0,1,'2024-12-14 17:35:23','2024-12-14 17:35:23'),(110,4,22,0,1,'2024-12-14 17:40:17','2024-12-14 17:40:17'),(111,4,22,0,1,'2024-12-14 17:41:10','2024-12-14 17:41:10'),(112,4,8,0,0,NULL,'2024-12-14 17:41:12'),(113,4,22,0,1,'2024-12-14 17:41:23','2024-12-14 17:41:23'),(115,4,22,0,1,'2024-12-14 17:42:03','2024-12-14 17:42:03'),(116,10,8,0,0,NULL,'2024-12-14 17:42:08'),(118,4,22,0,1,'2024-12-14 17:42:22','2024-12-14 17:42:22'),(119,4,2,0,0,NULL,'2024-12-14 17:43:31'),(120,4,2,0,0,NULL,'2024-12-14 17:43:31'),(121,4,5,0,1,'2024-12-14 17:50:28','2024-12-14 17:50:28'),(123,10,4,0,1,'2024-12-14 21:06:54','2024-12-14 21:06:54'),(128,1,22,3,1,'2024-12-14 21:13:35','2024-12-14 21:13:35'),(129,1,5,-1,1,'2024-12-14 21:15:05','2024-12-14 21:15:05'),(131,1,6,-2,1,'2024-12-16 16:45:32','2024-12-16 16:45:32'),(132,4,5,0,0,NULL,'2024-12-14 21:35:53'),(133,1,5,0,0,NULL,'2024-12-14 21:59:25'),(134,1,2,0,1,'2024-12-14 22:00:29','2024-12-14 22:00:29'),(135,1,4,0,1,'2024-12-14 22:01:26','2024-12-14 22:01:26'),(137,2,6,0,0,NULL,'2024-12-15 05:41:55'),(138,15,2,8,1,'2024-12-15 07:45:35','2024-12-15 07:45:35'),(139,15,2,0,0,NULL,'2024-12-15 07:45:59'),(140,15,2,0,0,NULL,'2024-12-15 07:45:59'),(142,10,4,0,1,'2024-12-15 07:56:08','2024-12-15 07:56:08'),(143,10,4,0,1,'2024-12-15 07:56:35','2024-12-15 07:56:35'),(145,16,5,10,1,'2024-12-15 08:04:23','2024-12-15 08:04:23'),(146,4,6,0,0,NULL,'2024-12-15 08:02:06'),(147,17,2,0,0,NULL,'2024-12-15 08:02:31'),(148,16,8,0,0,NULL,'2024-12-15 08:04:44'),(149,4,4,0,1,'2024-12-16 17:52:38','2024-12-16 17:52:38'),(150,17,4,2,1,'2024-12-15 08:38:17','2024-12-15 08:38:17'),(151,17,5,7,1,'2024-12-15 08:40:32','2024-12-15 08:40:32'),(152,10,4,0,1,'2024-12-15 08:55:13','2024-12-15 08:55:13'),(153,10,4,0,0,NULL,'2024-12-15 08:55:20'),(156,2,4,0,0,NULL,'2024-12-15 17:58:37'),(157,2,22,6,1,'2024-12-15 19:07:55','2024-12-15 19:07:55'),(158,2,22,0,1,'2024-12-15 19:08:08','2024-12-15 19:08:08'),(160,13,6,0,0,NULL,'2024-12-15 20:55:55'),(162,4,29,0,0,NULL,'2024-12-15 21:16:18'),(163,2,29,0,0,NULL,'2024-12-15 21:25:59'),(165,13,29,0,1,'2024-12-17 12:36:47','2024-12-17 12:36:47'),(167,20,5,7,1,'2024-12-15 22:15:07','2024-12-15 22:15:07'),(169,13,4,0,0,NULL,'2024-12-16 08:52:50'),(175,12,22,7,1,'2024-12-16 12:02:55','2024-12-16 12:02:55'),(176,12,22,0,0,NULL,'2024-12-16 12:04:08'),(177,12,4,5,1,'2024-12-16 12:39:24','2024-12-16 12:39:24'),(181,12,2,9,1,'2024-12-16 13:01:52','2024-12-16 13:01:52'),(188,1,4,0,1,'2024-12-16 22:55:10','2024-12-16 22:55:10'),(189,3,29,0,0,NULL,'2024-12-16 16:31:57'),(190,21,2,0,0,NULL,'2024-12-16 16:38:01'),(196,21,45,0,0,NULL,'2024-12-16 16:45:52'),(197,1,45,1,1,'2024-12-16 16:47:04','2024-12-16 16:47:04'),(198,4,52,0,0,NULL,'2024-12-16 17:10:10'),(199,4,47,0,0,NULL,'2024-12-16 17:13:51'),(200,4,62,0,0,NULL,'2024-12-16 17:13:59'),(201,4,59,0,0,NULL,'2024-12-16 17:15:18'),(202,4,46,0,1,'2024-12-16 17:21:18','2024-12-16 17:21:18'),(203,4,48,0,1,'2024-12-16 17:21:40','2024-12-16 17:21:40'),(204,21,46,0,0,NULL,'2024-12-16 17:22:40'),(205,22,2,0,0,NULL,'2024-12-16 17:25:17'),(208,22,4,0,1,'2024-12-16 17:26:42','2024-12-16 17:26:42'),(210,23,4,0,0,NULL,'2024-12-16 17:27:31'),(211,23,4,-5,1,'2024-12-16 17:27:40','2024-12-16 17:27:40'),(212,12,62,0,0,NULL,'2024-12-16 17:28:59'),(213,4,22,0,0,NULL,'2024-12-16 17:30:18'),(214,4,53,0,1,'2024-12-16 17:53:52','2024-12-16 17:53:52'),(215,24,4,5,1,'2024-12-16 17:53:56','2024-12-16 17:53:56'),(216,4,63,0,0,NULL,'2024-12-16 17:53:55'),(217,24,4,0,0,NULL,'2024-12-16 17:54:01'),(218,24,5,5,1,'2024-12-16 18:50:12','2024-12-16 18:50:12'),(219,20,6,2,1,'2024-12-16 18:48:49','2024-12-16 18:48:49'),(220,4,67,6,1,'2024-12-16 18:54:53','2024-12-16 18:54:53'),(221,25,4,0,0,NULL,'2024-12-16 19:02:33'),(222,24,46,0,1,'2024-12-16 19:13:58','2024-12-16 19:13:58'),(223,24,22,5,1,'2024-12-16 19:14:58','2024-12-16 19:14:58'),(224,3,67,0,1,'2024-12-16 19:18:26','2024-12-16 19:18:26'),(225,3,69,0,0,NULL,'2024-12-16 19:19:09'),(226,12,70,0,1,'2024-12-16 19:24:42','2024-12-16 19:24:42'),(227,3,46,0,0,NULL,'2024-12-16 19:25:58'),(228,3,49,0,0,NULL,'2024-12-16 19:28:50'),(229,4,4,0,0,NULL,'2024-12-16 20:36:22'),(230,2,8,0,0,NULL,'2024-12-16 20:55:31'),(231,4,45,0,0,NULL,'2024-12-16 20:57:23'),(232,4,50,0,0,NULL,'2024-12-16 20:57:32'),(233,2,70,0,0,NULL,'2024-12-16 20:59:19'),(234,2,52,0,0,NULL,'2024-12-16 20:59:53'),(235,4,53,0,0,NULL,'2024-12-16 21:00:06'),(236,2,69,0,0,NULL,'2024-12-16 21:00:07'),(237,4,69,0,0,NULL,'2024-12-16 21:00:38'),(238,2,65,0,0,NULL,'2024-12-16 21:00:40'),(239,2,68,0,0,NULL,'2024-12-16 21:01:03'),(240,4,65,0,0,NULL,'2024-12-16 21:01:18'),(241,4,70,0,0,NULL,'2024-12-16 21:01:38'),(242,4,67,0,0,NULL,'2024-12-16 21:02:12'),(243,2,67,0,1,'2024-12-19 19:25:05','2024-12-19 19:25:05'),(244,2,63,0,0,NULL,'2024-12-16 21:02:52'),(245,4,46,0,0,NULL,'2024-12-16 21:02:52'),(246,2,58,0,0,NULL,'2024-12-16 21:03:07'),(247,4,58,0,0,NULL,'2024-12-16 21:03:19'),(249,2,47,0,0,NULL,'2024-12-16 21:06:05'),(250,21,75,0,1,'2024-12-19 20:16:12','2024-12-19 20:16:12'),(251,1,57,7,1,'2024-12-16 22:52:57','2024-12-16 22:52:57'),(252,1,63,6,1,'2024-12-16 22:53:52','2024-12-16 22:53:52'),(253,1,46,0,1,'2024-12-16 22:54:12','2024-12-16 22:54:12'),(254,1,22,0,1,'2024-12-16 22:54:42','2024-12-16 22:54:42'),(255,1,67,0,0,NULL,'2024-12-16 22:55:13'),(256,1,50,0,1,'2024-12-16 23:03:57','2024-12-16 23:03:57'),(257,1,29,0,1,'2024-12-16 23:04:30','2024-12-16 23:04:30'),(258,1,75,0,1,'2024-12-16 23:05:22','2024-12-16 23:05:22'),(259,1,47,0,1,'2024-12-16 23:06:00','2024-12-16 23:06:00'),(260,1,70,0,1,'2024-12-16 23:06:44','2024-12-16 23:06:44'),(261,1,8,-3,1,'2024-12-16 23:07:47','2024-12-16 23:07:47'),(262,26,52,0,0,NULL,'2024-12-17 07:23:53'),(263,26,57,0,0,NULL,'2024-12-17 07:24:01'),(268,26,46,0,0,NULL,'2024-12-17 07:51:13'),(270,26,85,0,0,NULL,'2024-12-17 07:53:24'),(271,27,46,0,1,'2024-12-17 11:50:31','2024-12-17 11:50:31'),(272,13,67,0,0,NULL,'2024-12-17 12:37:06'),(273,28,4,4,1,'2024-12-17 21:38:26','2024-12-17 21:38:26'),(274,28,2,9,1,'2024-12-17 21:39:20','2024-12-17 21:39:20'),(275,26,4,5,1,'2024-12-18 12:03:12','2024-12-18 12:03:12'),(276,21,5,0,0,NULL,'2024-12-18 12:51:20'),(277,29,85,5,1,'2024-12-18 13:29:11','2024-12-18 13:29:11'),(278,21,86,0,0,NULL,'2024-12-18 13:43:05'),(279,2,75,0,1,'2024-12-18 13:52:08','2024-12-18 13:52:08'),(280,24,5,0,1,'2024-12-18 19:51:15','2024-12-18 19:51:15'),(281,24,29,0,1,'2024-12-18 19:51:49','2024-12-18 19:51:49'),(282,24,57,9,1,'2024-12-18 19:54:23','2024-12-18 19:54:23'),(283,24,63,-1,1,'2024-12-18 19:54:51','2024-12-18 19:54:51'),(284,30,85,0,1,'2024-12-18 20:01:48','2024-12-18 20:01:48'),(285,30,2,7,1,'2024-12-18 20:02:45','2024-12-18 20:02:45'),(286,24,87,0,1,'2024-12-19 06:39:22','2024-12-19 06:39:22'),(287,24,46,0,0,NULL,'2024-12-19 06:39:41'),(288,24,68,0,0,NULL,'2024-12-19 06:40:09'),(289,21,4,0,0,NULL,'2024-12-19 20:15:12'),(290,25,45,0,0,NULL,'2024-12-20 14:21:25');
/*!40000 ALTER TABLE `quiz_attempts` ENABLE KEYS */;
UNLOCK TABLES;

--
-- Table structure for table `quizzes`
--

DROP TABLE IF EXISTS `quizzes`;
/*!40101 SET @saved_cs_client     = @@character_set_client */;
/*!50503 SET character_set_client = utf8mb4 */;
CREATE TABLE `quizzes` (
  `id` int NOT NULL AUTO_INCREMENT,
  `user_id` int NOT NULL,
  `title` varchar(255) NOT NULL,
  `description` text,
  `image` text,
  `difficulty` float DEFAULT NULL,
  `created_at` timestamp NULL DEFAULT CURRENT_TIMESTAMP,
  `updated_at` timestamp NULL DEFAULT CURRENT_TIMESTAMP ON UPDATE CURRENT_TIMESTAMP,
  PRIMARY KEY (`id`),
  KEY `user_id` (`user_id`),
  CONSTRAINT `quizzes_ibfk_1` FOREIGN KEY (`user_id`) REFERENCES `users` (`id`) ON DELETE CASCADE
) ENGINE=InnoDB AUTO_INCREMENT=90 DEFAULT CHARSET=utf8mb4 COLLATE=utf8mb4_0900_ai_ci;
/*!40101 SET character_set_client = @saved_cs_client */;

--
-- Dumping data for table `quizzes`
--

LOCK TABLES `quizzes` WRITE;
/*!40000 ALTER TABLE `quizzes` DISABLE KEYS */;
INSERT INTO `quizzes` VALUES (2,7,'Istanbul','This quiz contains important words you may use in Istanbul trip.','https://storage.googleapis.com/quizzard-bucket/ec1738b7-7435-4009-86df-339893479734-istanbul.jpeg',2109,'2024-11-25 17:46:37','2024-11-25 17:46:37'),(4,2,'Anime Words','This quiz includes some basic anime vocab.','https://storage.googleapis.com/quizzard-bucket/7780bc96-5b12-424d-bb73-850ad776b6ea-upload.jpg',1874,'2024-11-26 11:10:01','2024-11-26 11:10:01'),(5,13,'Adjectives','Some adjectives to learn for daily use!','https://storage.googleapis.com/quizzard-bucket/377c66e0-71e6-4159-9b86-083a9d883a59-download.jpeg',2242.75,'2024-11-26 11:53:53','2024-11-26 11:53:53'),(6,7,'Basic Verbs','This quiz contains very basic words in English.','https://storage.googleapis.com/quizzard-bucket/96531412-b8a8-4613-b5b0-a4a11ef6caeb-verb.png',1001.6,'2024-11-26 12:09:19','2024-11-26 12:09:19'),(8,3,'Medium-Hard for you','Some medium-hard words for you! Good luck!','https://storage.googleapis.com/quizzard-bucket/aeaaba23-92de-48b0-87f1-61bd80a424f3-upload.jpg',2423.75,'2024-11-26 12:37:25','2024-11-26 12:37:25'),(22,4,'My Plants','This quiz has my favorite plant words.','https://storage.googleapis.com/quizzard-bucket/9a611a1c-1b66-43a4-a6b1-c139bd7a1aa7-upload.jpg',2610,'2024-12-10 08:04:19','2024-12-10 08:04:19'),(29,4,'Basic Verbs','This quiz will help me learn basic verbs','https://storage.googleapis.com/quizzard-bucket/bf16014b-a50f-4bdd-8b17-2d036c735fdc-verbs.jpg',305.333,'2024-12-15 18:20:47','2024-12-15 18:20:47'),(45,21,'Rice’s favorite quizzes','This quiz is created from rice\'s favorite questions','https://storage.googleapis.com/quizzard-bucket/19042e06-bfff-49c0-adce-49901b6dc726-upload.jpg',2142,'2024-12-16 16:45:45','2024-12-16 16:45:45'),(46,4,'Colors','Learn the names of basic colors in English and Turkish.','https://storage.googleapis.com/quizzard-bucket/19042e06-bfff-49c0-adce-49901b6dc726-upload.jpg',448,'2024-12-16 17:09:17','2024-12-16 17:09:17'),(47,4,'City Life','Expand your vocabulary with terms related to city life.','https://storage.googleapis.com/quizzard-bucket/19042e06-bfff-49c0-adce-49901b6dc726-upload.jpg',1085,'2024-12-16 17:09:17','2024-12-16 17:09:17'),(48,4,'Food & Drinks','Learn common words related to food and drinks.','https://storage.googleapis.com/quizzard-bucket/19042e06-bfff-49c0-adce-49901b6dc726-upload.jpg',1222.67,'2024-12-16 17:09:18','2024-12-16 17:09:18'),(49,4,'Animals','Learn the names of common animals in English and Turkish.','https://storage.googleapis.com/quizzard-bucket/19042e06-bfff-49c0-adce-49901b6dc726-upload.jpg',696.333,'2024-12-16 17:09:18','2024-12-16 17:09:18'),(50,4,'Weather','Learn words related to weather conditions.','https://storage.googleapis.com/quizzard-bucket/19042e06-bfff-49c0-adce-49901b6dc726-upload.jpg',1202,'2024-12-16 17:09:19','2024-12-16 17:09:19'),(51,4,'Home Objects','Learn vocabulary for common items found in the house.','https://storage.googleapis.com/quizzard-bucket/19042e06-bfff-49c0-adce-49901b6dc726-upload.jpg',2259,'2024-12-16 17:09:20','2024-12-16 17:09:20'),(52,4,'Emotions','Expand your vocabulary with words that describe emotions.','https://storage.googleapis.com/quizzard-bucket/19042e06-bfff-49c0-adce-49901b6dc726-upload.jpg',882.667,'2024-12-16 17:09:24','2024-12-16 17:09:24'),(53,4,'Advanced Adjectives','Learn advanced adjectives to enhance your vocabulary.','https://storage.googleapis.com/quizzard-bucket/19042e06-bfff-49c0-adce-49901b6dc726-upload.jpg',2381.67,'2024-12-16 17:09:24','2024-12-16 17:09:24'),(57,4,'Travel Vocabulary','Expand your vocabulary related to travel and tourism.','https://storage.googleapis.com/quizzard-bucket/19042e06-bfff-49c0-adce-49901b6dc726-upload.jpg',2914,'2024-12-16 17:13:20','2024-12-16 17:13:20'),(58,4,'Business and Finance','Learn key terms and phrases related to business and finance.','https://storage.googleapis.com/quizzard-bucket/19042e06-bfff-49c0-adce-49901b6dc726-upload.jpg',1806.67,'2024-12-16 17:13:20','2024-12-16 17:13:20'),(59,4,'Weather and Climate','Learn weather-related vocabulary for different seasons and conditions.','https://storage.googleapis.com/quizzard-bucket/19042e06-bfff-49c0-adce-49901b6dc726-upload.jpg',2048.67,'2024-12-16 17:13:21','2024-12-16 17:13:21'),(62,4,'Cultural Traditions','Learn vocabulary related to cultural traditions and customs.','https://storage.googleapis.com/quizzard-bucket/19042e06-bfff-49c0-adce-49901b6dc726-upload.jpg',1589.33,'2024-12-16 17:13:22','2024-12-16 17:13:22'),(63,4,'Food and Cooking','Expand your vocabulary related to food and cooking.','https://storage.googleapis.com/quizzard-bucket/19042e06-bfff-49c0-adce-49901b6dc726-upload.jpg',3033.33,'2024-12-16 17:13:23','2024-12-16 17:13:23'),(65,4,'Social Issues','Understand key vocabulary related to social issues and concerns.','https://storage.googleapis.com/quizzard-bucket/19042e06-bfff-49c0-adce-49901b6dc726-upload.jpg',1578.33,'2024-12-16 17:13:24','2024-12-16 17:13:24'),(67,3,'Wildlife Wonders','Test your knowledge about animals from around the word.','https://storage.googleapis.com/quizzard-bucket/e1b28f9a-694c-44a8-9e6f-e723a1509ef3-upload.jpg',1649.25,'2024-12-16 18:53:26','2024-12-16 18:53:26'),(68,24,'University Life','This quiz contains some words that you can encounter during university life.','https://storage.googleapis.com/quizzard-bucket/d00e8c49-2537-4440-8c1b-a55b45b59e3b-boun.jpeg',1498.83,'2024-12-16 18:55:11','2024-12-16 18:55:11'),(69,3,'Culinary Delights','Dive into the world of cooking and food vocabulary.','https://storage.googleapis.com/quizzard-bucket/29439130-046b-493f-920b-62292a3b21b0-upload.jpg',1756,'2024-12-16 18:57:02','2024-12-16 18:57:02'),(70,24,'Game Of Thrones','You should watch it.','https://storage.googleapis.com/quizzard-bucket/739be795-3889-4962-82c2-4897766f5a04-got.jpeg',1107,'2024-12-16 18:59:36','2024-12-16 18:59:36'),(73,25,'Basic Colors','basic colors','none',606.667,'2024-12-16 21:01:13','2024-12-16 21:01:13'),(75,21,'City Structures','This quiz will teach you how to talk about the structures you see around the city. ','https://storage.googleapis.com/quizzard-bucket/54873c4a-0922-41c4-8f4d-c007adcc1143-city image.jpg',908.833,'2024-12-16 21:20:32','2024-12-16 21:20:32'),(84,26,'My Favorites','This quiz is created from deniz\'s favorite questions','https://storage.googleapis.com/quizzard-bucket/19042e06-bfff-49c0-adce-49901b6dc726-upload.jpg',1404.6,'2024-12-17 07:52:47','2024-12-17 07:52:47'),(85,26,'Awesome questions','This quiz is created from deniz\'s favorite questions','https://storage.googleapis.com/quizzard-bucket/19042e06-bfff-49c0-adce-49901b6dc726-upload.jpg',1404.6,'2024-12-17 07:53:15','2024-12-17 07:53:15'),(86,21,'Words that I want to learn','This quiz is created from rice\'s favorite questions','https://storage.googleapis.com/quizzard-bucket/19042e06-bfff-49c0-adce-49901b6dc726-upload.jpg',2142,'2024-12-18 13:42:43','2024-12-18 13:42:43'),(87,24,'Kadirin Quizi ','Kadir','https://storage.googleapis.com/quizzard-bucket/93942dd4-746e-4c33-98f4-3b348d7124f0-upload.jpg',1509.33,'2024-12-19 06:38:24','2024-12-19 06:38:24'),(89,20,'English Vocabulary Quiz','A quiz to test your English vocabulary skills.','https://storage.googleapis.com/quizzard-bucket/19042e06-bfff-49c0-adce-49901b6dc726-upload.jpg',800,'2024-12-20 14:22:30','2024-12-20 14:22:30');
/*!40000 ALTER TABLE `quizzes` ENABLE KEYS */;
UNLOCK TABLES;
/*!50003 SET @saved_cs_client      = @@character_set_client */ ;
/*!50003 SET @saved_cs_results     = @@character_set_results */ ;
/*!50003 SET @saved_col_connection = @@collation_connection */ ;
/*!50003 SET character_set_client  = latin1 */ ;
/*!50003 SET character_set_results = latin1 */ ;
/*!50003 SET collation_connection  = latin1_swedish_ci */ ;
/*!50003 SET @saved_sql_mode       = @@sql_mode */ ;
/*!50003 SET sql_mode              = 'ONLY_FULL_GROUP_BY,STRICT_TRANS_TABLES,NO_ZERO_IN_DATE,NO_ZERO_DATE,ERROR_FOR_DIVISION_BY_ZERO,NO_ENGINE_SUBSTITUTION' */ ;
DELIMITER ;;
/*!50003 CREATE*/ /*!50017 DEFINER=`root`@`localhost`*/ /*!50003 TRIGGER `update_created_quizzes` AFTER INSERT ON `quizzes` FOR EACH ROW BEGIN
    UPDATE users
    SET created_quizzes = created_quizzes + 1
    WHERE id = NEW.user_id;
END */;;
DELIMITER ;
/*!50003 SET sql_mode              = @saved_sql_mode */ ;
/*!50003 SET character_set_client  = @saved_cs_client */ ;
/*!50003 SET character_set_results = @saved_cs_results */ ;
/*!50003 SET collation_connection  = @saved_col_connection */ ;
/*!50003 SET @saved_cs_client      = @@character_set_client */ ;
/*!50003 SET @saved_cs_results     = @@character_set_results */ ;
/*!50003 SET @saved_col_connection = @@collation_connection */ ;
/*!50003 SET character_set_client  = latin1 */ ;
/*!50003 SET character_set_results = latin1 */ ;
/*!50003 SET collation_connection  = latin1_swedish_ci */ ;
/*!50003 SET @saved_sql_mode       = @@sql_mode */ ;
/*!50003 SET sql_mode              = 'ONLY_FULL_GROUP_BY,STRICT_TRANS_TABLES,NO_ZERO_IN_DATE,NO_ZERO_DATE,ERROR_FOR_DIVISION_BY_ZERO,NO_ENGINE_SUBSTITUTION' */ ;
DELIMITER ;;
/*!50003 CREATE*/ /*!50017 DEFINER=`root`@`localhost`*/ /*!50003 TRIGGER `update_created_quizzes_after_delete` AFTER DELETE ON `quizzes` FOR EACH ROW BEGIN
    UPDATE users
    SET created_quizzes = created_quizzes - 1
    WHERE id = OLD.user_id;
END */;;
DELIMITER ;
/*!50003 SET sql_mode              = @saved_sql_mode */ ;
/*!50003 SET character_set_client  = @saved_cs_client */ ;
/*!50003 SET character_set_results = @saved_cs_results */ ;
/*!50003 SET collation_connection  = @saved_col_connection */ ;


--
-- Table structure for table `upvoted_forum_posts`
--

DROP TABLE IF EXISTS `upvoted_forum_posts`;
/*!40101 SET @saved_cs_client     = @@character_set_client */;
/*!50503 SET character_set_client = utf8mb4 */;
CREATE TABLE `upvoted_forum_posts` (
  `id` int NOT NULL AUTO_INCREMENT,
  `user_id` int NOT NULL,
  `post_id` int NOT NULL,
  `created_at` timestamp NULL DEFAULT CURRENT_TIMESTAMP,
  `updated_at` timestamp NULL DEFAULT CURRENT_TIMESTAMP ON UPDATE CURRENT_TIMESTAMP,
  PRIMARY KEY (`id`),
  UNIQUE KEY `user_id` (`user_id`,`post_id`),
  KEY `post_id` (`post_id`),
  CONSTRAINT `upvoted_forum_posts_ibfk_1` FOREIGN KEY (`user_id`) REFERENCES `users` (`id`) ON DELETE CASCADE,
  CONSTRAINT `upvoted_forum_posts_ibfk_2` FOREIGN KEY (`post_id`) REFERENCES `forum_posts` (`id`) ON DELETE CASCADE
) ENGINE=InnoDB AUTO_INCREMENT=69 DEFAULT CHARSET=utf8mb4 COLLATE=utf8mb4_0900_ai_ci;
/*!40101 SET character_set_client = @saved_cs_client */;

--
-- Dumping data for table `upvoted_forum_posts`
--

LOCK TABLES `upvoted_forum_posts` WRITE;
/*!40000 ALTER TABLE `upvoted_forum_posts` DISABLE KEYS */;
INSERT INTO `upvoted_forum_posts` VALUES (2,3,1,'2024-11-25 16:07:22','2024-11-25 16:07:22'),(11,11,6,'2024-11-25 18:59:01','2024-11-25 18:59:01'),(12,3,15,'2024-11-26 12:42:49','2024-11-26 12:42:49'),(13,3,16,'2024-11-26 12:44:29','2024-11-26 12:44:29'),(14,3,17,'2024-11-26 12:44:32','2024-11-26 12:44:32'),(19,2,17,'2024-12-14 19:48:43','2024-12-14 19:48:43'),(20,4,17,'2024-12-14 20:01:35','2024-12-14 20:01:35'),(28,1,4,'2024-12-14 21:19:20','2024-12-14 21:19:20'),(29,1,2,'2024-12-14 21:19:24','2024-12-14 21:19:24'),(30,1,1,'2024-12-14 21:19:33','2024-12-14 21:19:33'),(31,1,3,'2024-12-14 21:19:36','2024-12-14 21:19:36'),(32,1,5,'2024-12-14 21:19:38','2024-12-14 21:19:38'),(33,1,6,'2024-12-14 21:19:41','2024-12-14 21:19:41'),(34,1,11,'2024-12-14 21:19:43','2024-12-14 21:19:43'),(35,1,12,'2024-12-14 21:19:49','2024-12-14 21:19:49'),(36,2,16,'2024-12-14 22:28:05','2024-12-14 22:28:05'),(37,4,3,'2024-12-14 22:40:14','2024-12-14 22:40:14'),(39,2,3,'2024-12-14 22:46:41','2024-12-14 22:46:41'),(40,2,4,'2024-12-15 05:34:44','2024-12-15 05:34:44'),(41,4,1,'2024-12-15 08:34:46','2024-12-15 08:34:46'),(43,2,2,'2024-12-15 17:51:23','2024-12-15 17:51:23'),(45,2,10,'2024-12-15 19:02:21','2024-12-15 19:02:21'),(46,2,8,'2024-12-15 19:02:34','2024-12-15 19:02:34'),(51,13,6,'2024-12-15 19:15:28','2024-12-15 19:15:28'),(52,13,1,'2024-12-15 20:15:40','2024-12-15 20:15:40'),(53,2,13,'2024-12-15 20:38:44','2024-12-15 20:38:44'),(54,2,12,'2024-12-15 20:38:49','2024-12-15 20:38:49'),(55,4,4,'2024-12-15 20:54:25','2024-12-15 20:54:25'),(56,4,13,'2024-12-16 12:13:23','2024-12-16 12:13:23'),(58,3,68,'2024-12-16 19:12:08','2024-12-16 19:12:08'),(59,3,31,'2024-12-16 19:12:09','2024-12-16 19:12:09'),(60,3,76,'2024-12-16 19:16:30','2024-12-16 19:16:30'),(62,12,76,'2024-12-16 19:19:51','2024-12-16 19:19:51'),(63,12,68,'2024-12-16 19:20:05','2024-12-16 19:20:05'),(64,3,77,'2024-12-16 19:20:30','2024-12-16 19:20:30'),(65,3,78,'2024-12-16 19:22:55','2024-12-16 19:22:55'),(66,26,92,'2024-12-17 07:52:24','2024-12-17 07:52:24'),(67,24,92,'2024-12-17 07:54:45','2024-12-17 07:54:45'),(68,4,68,'2024-12-19 19:27:47','2024-12-19 19:27:47');
/*!40000 ALTER TABLE `upvoted_forum_posts` ENABLE KEYS */;
UNLOCK TABLES;

--
-- Table structure for table `users`
--

DROP TABLE IF EXISTS `users`;
/*!40101 SET @saved_cs_client     = @@character_set_client */;
/*!50503 SET character_set_client = utf8mb4 */;
CREATE TABLE `users` (
  `id` int NOT NULL AUTO_INCREMENT,
  `username` varchar(50) NOT NULL,
  `name` varchar(100) NOT NULL,
  `email` varchar(255) NOT NULL,
  `password` varchar(255) NOT NULL,
  `profile_picture` text,
  `points` int DEFAULT '0',
  `created_quizzes` int DEFAULT '0',
  `created_at` timestamp NULL DEFAULT CURRENT_TIMESTAMP,
  `updated_at` timestamp NULL DEFAULT CURRENT_TIMESTAMP ON UPDATE CURRENT_TIMESTAMP,
  PRIMARY KEY (`id`),
  UNIQUE KEY `username` (`username`),
  UNIQUE KEY `email` (`email`),
  KEY `idx_email` (`email`),
  KEY `idx_username` (`username`)
) ENGINE=InnoDB AUTO_INCREMENT=33 DEFAULT CHARSET=utf8mb4 COLLATE=utf8mb4_0900_ai_ci;
/*!40101 SET character_set_client = @saved_cs_client */;

--
-- Dumping data for table `users`
--

LOCK TABLES `users` WRITE;
/*!40000 ALTER TABLE `users` DISABLE KEYS */;
INSERT INTO `users` VALUES (1,'utku','Utku Celik','h.utku.c@gmail.com','$2a$10$4EOdE3B1TJqaP86DpYTEC.ZxRyEWLUD4n3/n1yuABBM4KPITvSBRa','https://storage.googleapis.com/quizzard-bucket/cea57849-d65a-44e8-9781-0cb4397eb0c0-boy.png',3038,0,'2024-11-25 15:50:17','2024-11-25 16:58:30'),(2,'ebrar','ebrar','ebrar@gmail.com','$2a$10$KNTYd/WEQSuAOkZwNZT3ZuZZ/ER6VGsv74a2UMooZcuWFZXF0/lB6','https://storage.googleapis.com/quizzard-bucket/4ae903f0-e456-4d4a-978e-a094888f87f3-profile.jpg',634,1,'2024-11-25 15:52:59','2024-12-16 21:05:29'),(3,'arinc','arinc','arinc','$2a$10$LS9xA6WsFsqdQFJ27nEUIe4s7FaZH9ASG8LZsJVmwsxxf5bqvj3aq','https://storage.googleapis.com/quizzard-bucket/a9fd0f82-dd14-45f9-a0a0-0287b5f31616-DALL·E 2024-11-25 18.58.44 - A sleek and minimalist app icon for an English learning app named \'Quizzard\'. The design features the letter \'Q\' prominently in a modern sans-serif fo.webp',212,3,'2024-11-25 15:54:54','2024-12-16 18:57:01'),(4,'a','amir','a@a.com','$2a$10$JDBX/KfD8nTs/cf.mzXgS.9wXSNgCISUz46huY2TN1pPZDModIhWO','https://storage.googleapis.com/quizzard-bucket/4d4b1735-4217-4875-801b-01371c699ddf-profile.jpg',635,16,'2024-11-25 16:25:30','2024-12-16 20:40:46'),(5,'uuu','UtkuCilek','utku@gmail.com','$2a$10$pkLADRk7n2XDNkiAP5C0HOKocrDWwirhjWkqfk/qE/AZcAqtx56He',NULL,600,0,'2024-11-25 16:38:58',NULL),(6,'asdf','asdfasdf','asdf@gm.cm','$2a$10$5BrnklhlEXnslYu6eHcJwuK.dB3UdamgmMm8UYgzaYA0s9iRwhAl.',NULL,600,0,'2024-11-25 16:41:58',NULL),(7,'semir12','Süleyman EmirTaşan','set@set.com','$2a$10$gebxdsDdnl4LpyHaUd9RUuX244bp8aE7C0KN1AzYmqFlkhkjWISkK','https://storage.googleapis.com/quizzard-bucket/4958c2d8-c0ee-4357-ac37-3af0256181ec-123.jpg',618,2,'2024-11-25 17:20:12','2024-12-16 16:41:59'),(8,'set','Süleyman Emir','set@semir.com','$2a$10$iMGElVIaNNRvu8qClBAtlu0fQXQc8nKSEVXDHA59UEzb8oiDVaYBW',NULL,3392,0,'2024-11-25 17:48:31',NULL),(9,'semih','semihf','fsdf@dfsdf.vsd','$2a$10$Jg301hnNdkohJzWRF6ptR.dGoSNH1GIxwCCkjZ.A.6yIMuf8uWMQG',NULL,2898,0,'2024-11-25 17:51:46',NULL),(10,'fahreddin','FahreddinÖzcan','test@testing.com','$2a$10$OlAwOiSulzH4ZR8WOlNXhOkI/GhLYojk7czcYBN2nvK/jSoF2/m5W','https://storage.googleapis.com/quizzard-bucket/4e728969-83f7-4f05-81fc-d57fdfa53288-0bf8911c-4b7c-4cbc-9dd2-00c71a5ab12a-andy-dwyer-amazed.gif',1465,0,'2024-11-25 18:17:22','2024-12-16 19:11:01'),(11,'x','xx','x@gmail.com','$2a$10$39/7cJxCzCaS1cRiwOaRz.pr5Nl1hbFHsXwFVCAvIS46fV.CKYs6C',NULL,1408,0,'2024-11-25 18:52:57',NULL),(12,'asude','Asude','asude@gmail.com','$2a$10$EmEr6yEcPamlARd20BPR7.L/JwLk1t0TA.Ai6.sLKma4G.chT/ahK','https://storage.googleapis.com/quizzard-bucket/1ceac78e-e41d-4f81-820f-3dfe8d44571c-profile.jpg',234,0,'2024-11-26 11:20:15','2024-12-16 19:29:04'),(13,'roacar','Ramazan OnurAcar','ramazanonuracar@gmail.com','$2a$10$2oCMlR6UYemYVGW8jGi2VuufEPHb3tm5ktM9BzDzTqBpnUzujMLCa','https://storage.googleapis.com/quizzard-bucket/bfc0d706-f583-4c42-ae66-d5734ef11b07-IMG_9056.JPG',213,1,'2024-11-26 11:32:30','2024-12-15 20:09:36'),(14,'answerMaster','answerMaster','answerMaster','$2a$10$NLS4xY82PFhBVsjeYan6UuQGs4AlF6FwJ5zEJ0YJNLasQ68HGiTOu',NULL,2900,0,'2024-11-26 12:46:03',NULL),(15,'semir','Süleyman Emir','set@sss.com','$2a$10$QaVpj25h4lxb6b1uWimmsOeJSpsy/kGfL4zxfG7quwqIyvdBTDsEG',NULL,1258,0,'2024-12-15 07:44:24',NULL),(16,'ahmet','AhmetYılmaz','ahmet@ahmet','$2a$10$PZrYMV3q.qxIUKk3CfDdWe3xm9RIDEzxxzufd3WpZO1gNDg1jrHdS',NULL,265,0,'2024-12-15 07:59:41',NULL),(17,'semirr','AhmetMehmet','ahmet@mehmet.com','$2a$10$96vNgKn9KY/DOCPrxVbK3eEdh7DKU2u54p8HGKZkBUZnyp.z.t9li',NULL,259,0,'2024-12-15 08:02:26',NULL),(18,'asu','ASU','asu@gmail.com','$2a$10$.4cXV4lQtE8HUHw5OpAFAOBsg0dEaZW.eV/Vj5quAYiG4ZiFIE.0O',NULL,3000,0,'2024-12-15 20:40:59',NULL),(19,'dedi1234','Didi','dedi1234@gmail.com','$2a$10$Bs5bKjUKreE5GR9MPasU0ODFUxDmeV3Hg55wAO77wCmBXZFabies2',NULL,3000,0,'2024-12-15 20:49:49',NULL),(20,'Yılmaz','Semih','semih123@semih.mail','$2a$10$WNPbTa4snMjNu2hUtUdJO.Jx2988w7Okef0UDG2JW0ruKrCIb4/WO',NULL,759,1,'2024-12-15 22:11:39','2024-12-20 14:22:29'),(21,'rice','Ms. Rice','rice@gmail.com','$2a$10$1L71BNHckN4ZiatFRmbMrOs2qvfKfugO3YIbg0gv9A3osVlCdJgJu','https://storage.googleapis.com/quizzard-bucket/a43593f4-32f3-41ce-bc6a-43bc8890cd9b-female teacher.avif',2250,3,'2024-12-16 16:34:29','2024-12-18 13:42:43'),(22,'b','bb','b@b.com','$2a$10$vx9wjZOu9ipSS2i60yIzUOG61gEVEJNTayIUgvH4LmfF2VVUZULVK',NULL,258,0,'2024-12-16 17:23:04','2024-12-16 17:26:22'),(23,'c','cc','c@c.com','$2a$10$kjAsknQCxDDXHBjMG/J6q.ooaWTYtUQsZaz.71/dC8aEAoJucymEC',NULL,2995,0,'2024-12-16 17:27:29',NULL),(24,'s.emir','Süleyman EmirTaşan','set@gmail.com','$2a$10$fw1wEjhAnGdQWwIbwVWyje51R./fmWBw/sBvi6InZ8eSPWxlkdCFu','https://storage.googleapis.com/quizzard-bucket/cc8976d3-b433-431a-adfc-fe3291d233c2-stanis.webp',1773,3,'2024-12-16 17:52:19','2024-12-19 06:38:24'),(25,'semihy','gdfgfdgfd','gfdfg@dsf.vf','$2a$10$FXT0hPTMP7Gd4bzhE6kveOy.W9sFH9ZZuScDUx3AKBUM.2nwSJBUW',NULL,250,1,'2024-12-16 18:57:46','2024-12-16 21:01:13'),(26,'deniz','Deniz Okyanus','deniz@gmail.com','$2a$10$peOXJzYWzem/6NfDOqjdfO1mmb0SCdzrDsQaty3PxoDdIqVymxQvy','https://storage.googleapis.com/quizzard-bucket/97a88e69-ad18-47e5-8f8c-76f4d25e3f7b-surgf.jpg',755,2,'2024-12-17 07:22:13','2024-12-17 07:53:15'),(27,'sel','Selin','selinartan20202@gmail.com','$2a$10$Z1mBDReX3Mc7bsmz5MBe/uvHnpYIEFm1lKPHktcf/52fkdWDgjl76',NULL,1750,0,'2024-12-17 11:49:09',NULL),(28,'selami','SelamiBrain','selami@example.com','$2a$10$nITkXuEdgupPqkkvExRc6uG1vzoESmBqLEJc4Hd9.afQVQKYDVrq.',NULL,263,0,'2024-12-17 21:36:52',NULL),(29,'uskudarli ','S Üsküdarlı ','uskudarli.swe@gmail.com','$2a$10$pHsh30wAO15C4IF/bFY/I.H6/.TaRDIBbKdRlsbf0KFz54ALAVw3e',NULL,1255,0,'2024-12-18 13:24:16',NULL),(30,'uskudarli','S Uskudarli','uskudarli.virtual@gmail.com','$2a$10$m9u6HnK99jIPbUSN1nxMIuN.6Fj/mKF8HXZ.HrHMp636jje96M1r.',NULL,757,0,'2024-12-18 20:00:12',NULL),(31,'adam','AdamSmith','adam.smith@gmail.com','$2a$10$dR7RiGAxj1lGtWqCYAT.6.w2nGRKncYNYZvEz5u0MGT/rdkIqjha.',NULL,250,0,'2024-12-19 08:36:26',NULL),(32,'Kızıloğlu','Lütfü Heysem','heysem1104@gmail.com','$2a$10$vDF7O0zhKez29ChDHSObV.DVFU.9IyymbrUaH91jAnqSzB/rtMBJm',NULL,2250,0,'2024-12-20 14:05:04',NULL);
/*!40000 ALTER TABLE `users` ENABLE KEYS */;
UNLOCK TABLES;

/*!40103 SET TIME_ZONE=@OLD_TIME_ZONE */;

/*!40101 SET SQL_MODE=@OLD_SQL_MODE */;
/*!40014 SET FOREIGN_KEY_CHECKS=@OLD_FOREIGN_KEY_CHECKS */;
/*!40014 SET UNIQUE_CHECKS=@OLD_UNIQUE_CHECKS */;
/*!40101 SET CHARACTER_SET_CLIENT=@OLD_CHARACTER_SET_CLIENT */;
/*!40101 SET CHARACTER_SET_RESULTS=@OLD_CHARACTER_SET_RESULTS */;
/*!40101 SET COLLATION_CONNECTION=@OLD_COLLATION_CONNECTION */;
/*!40111 SET SQL_NOTES=@OLD_SQL_NOTES */;

-- Dump completed on 2024-12-20 14:51:21
